{"stats":{"minecraft:picked_up":{"minecraft:stick":2,"minecraft:oak_log":5},"minecraft:custom":{"minecraft:jump":8,"minecraft:time_since_rest":4833,"minecraft:leave_game":1,"minecraft:sprint_one_cm":4588,"minecraft:play_time":4833,"minecraft:damage_taken":10,"minecraft:time_since_death":4833,"minecraft:walk_one_cm":3574,"minecraft:total_world_time":4833,"minecraft:fall_one_cm":369,"minecraft:fly_one_cm":1909},"minecraft:crafted":{"minecraft:oak_planks":20},"minecraft:mined":{"minecraft:oak_log":5,"minecraft:oak_leaves":7}},"DataVersion":3955}