{"stats":{"minecraft:killed_by":{"minecraft:zombie_villager":1,"minecraft:player":1,"minecraft:spider":1,"minecraft:enderman":2,"minecraft:warden":2,"minecraft:skeleton":6,"minecraft:zombie":2},"minecraft:mined":{"minecraft:tuff":1,"minecraft:white_bed":3,"minecraft:oak_sapling":1,"minecraft:farmland":2,"minecraft:deepslate_diamond_ore":30,"minecraft:oak_door":1,"minecraft:grass_block":105,"minecraft:furnace":4,"minecraft:iron_ore":45,"minecraft:andesite":2,"minecraft:deepslate_lapis_ore":7,"minecraft:deepslate_iron_ore":7,"minecraft:oak_stairs":1,"minecraft:stripped_oak_log":79,"minecraft:stone":192,"minecraft:player_head":1,"minecraft:white_wool":13,"minecraft:glass_pane":2,"minecraft:torch":1,"minecraft:short_grass":90,"minecraft:cobblestone":26,"minecraft:tall_grass":78,"minecraft:oak_planks":12,"minecraft:sugar_cane":1,"minecraft:wall_torch":27,"minecraft:skeleton_skull":1,"minecraft:gray_wool":85,"minecraft:birch_planks":4,"minecraft:birch_log":6,"minecraft:lilac":2,"minecraft:birch_leaves":32,"minecraft:bee_nest":1,"minecraft:oak_log":89,"minecraft:coal_ore":24,"minecraft:sunflower":5,"minecraft:dirt":95,"minecraft:cobweb":10,"minecraft:oak_leaves":96,"minecraft:deepslate":53},"minecraft:crafted":{"minecraft:wooden_sword":1,"minecraft:oak_planks":760,"minecraft:cooked_chicken":22,"minecraft:furnace":5,"minecraft:stone":6,"minecraft:bone_meal":6,"minecraft:cooked_mutton":17,"minecraft:iron_boots":1,"minecraft:diamond_helmet":1,"minecraft:diamond_leggings":1,"minecraft:bow":1,"minecraft:stone_pickaxe":1,"minecraft:chest":1,"minecraft:diamond_boots":1,"minecraft:cooked_beef":46,"minecraft:diamond_sword":1,"minecraft:cooked_porkchop":38,"minecraft:crafting_table":5,"minecraft:wooden_pickaxe":1,"minecraft:iron_sword":1,"minecraft:bucket":2,"minecraft:birch_planks":28,"minecraft:stone_axe":1,"minecraft:air":0,"minecraft:iron_chestplate":1,"minecraft:wooden_hoe":1,"minecraft:shield":3,"minecraft:stick":24,"minecraft:iron_ingot":49,"minecraft:iron_pickaxe":1,"minecraft:wooden_axe":1,"minecraft:stone_sword":2,"minecraft:iron_leggings":1,"minecraft:white_bed":3,"minecraft:torch":8,"minecraft:diamond_chestplate":1},"minecraft:custom":{"minecraft:interact_with_anvil":2,"minecraft:mob_kills":162,"minecraft:interact_with_crafting_table":39,"minecraft:open_barrel":2,"minecraft:bell_ring":12,"minecraft:leave_game":5,"minecraft:time_since_death":27968,"minecraft:climb_one_cm":385,"minecraft:sprint_one_cm":1423064,"minecraft:walk_one_cm":758504,"minecraft:damage_blocked_by_shield":6751,"minecraft:drop":155,"minecraft:talked_to_villager":2,"minecraft:play_time":552548,"minecraft:deaths":31,"minecraft:sneak_time":54078,"minecraft:walk_under_water_one_cm":28530,"minecraft:jump":11606,"minecraft:walk_on_water_one_cm":83544,"minecraft:total_world_time":552548,"minecraft:interact_with_furnace":160,"minecraft:sleep_in_bed":17,"minecraft:time_since_rest":28009,"minecraft:damage_taken":13165,"minecraft:damage_dealt":23063,"minecraft:player_kills":2,"minecraft:swim_one_cm":75357,"minecraft:fly_one_cm":1752361,"minecraft:open_chest":18,"minecraft:crouch_one_cm":139612,"minecraft:fall_one_cm":455812},"minecraft:killed":{"minecraft:witch":1,"minecraft:spider":8,"minecraft:slime":4,"minecraft:skeleton":27,"minecraft:bee":1,"minecraft:chicken":21,"minecraft:drowned":1,"minecraft:wolf":1,"minecraft:pig":23,"minecraft:zombie_villager":1,"minecraft:creeper":1,"minecraft:sheep":16,"minecraft:pillager":2,"minecraft:zombie":20,"minecraft:enderman":5,"minecraft:cow":27},"minecraft:dropped":{"minecraft:water_bucket":1,"minecraft:iron_ingot":7,"minecraft:iron_sword":2,"minecraft:wheat_seeds":25,"minecraft:ominous_bottle":3,"minecraft:cooked_beef":17,"minecraft:oak_log":9,"minecraft:glow_ink_sac":35,"minecraft:ender_pearl":2,"minecraft:diamond":2,"minecraft:cooked_porkchop":26,"minecraft:feather":13,"minecraft:cobblestone":32,"minecraft:saddle":1,"minecraft:coal":10,"minecraft:stick":3,"minecraft:torch":11,"minecraft:mutton":1,"minecraft:wooden_axe":1,"minecraft:diamond_helmet":1,"minecraft:iron_leggings":1,"minecraft:wooden_sword":3,"minecraft:string":26,"minecraft:bone":24,"minecraft:redstone":4,"minecraft:sugar_cane":3,"minecraft:cooked_chicken":7,"minecraft:birch_sapling":1,"minecraft:raw_iron":3,"minecraft:rotten_flesh":14,"minecraft:oak_planks":176,"minecraft:iron_boots":1,"minecraft:cooked_mutton":4,"minecraft:diamond_sword":2,"minecraft:shield":1,"minecraft:gunpowder":4,"minecraft:diamond_chestplate":1,"minecraft:iron_chestplate":1,"minecraft:oak_sapling":9,"minecraft:spider_eye":1,"minecraft:wooden_pickaxe":2,"minecraft:stone_pickaxe":1},"minecraft:used":{"minecraft:stone_sword":176,"minecraft:chest":1,"minecraft:shield":211,"minecraft:iron_sword":99,"minecraft:player_head":1,"minecraft:cooked_chicken":14,"minecraft:rotten_flesh":24,"minecraft:oak_door":1,"minecraft:torch":40,"minecraft:dirt":345,"minecraft:mutton":1,"minecraft:carrot":1,"minecraft:tuff":7,"minecraft:wooden_axe":9,"minecraft:grass_block":3,"minecraft:oak_stairs":1,"minecraft:birch_sapling":1,"minecraft:bow":36,"minecraft:beef":1,"minecraft:ominous_bottle":1,"minecraft:oak_sapling":20,"minecraft:furnace":9,"minecraft:skeleton_skull":1,"minecraft:cooked_beef":28,"minecraft:cobbled_deepslate":54,"minecraft:cooked_mutton":23,"minecraft:water_bucket":132,"minecraft:birch_planks":4,"minecraft:stone_pickaxe":126,"minecraft:oak_planks":59,"minecraft:ender_pearl":1,"minecraft:wooden_pickaxe":59,"minecraft:white_wool":20,"minecraft:sand":20,"minecraft:crafting_table":4,"minecraft:white_bed":6,"minecraft:wooden_hoe":59,"minecraft:apple":6,"minecraft:sunflower":4,"minecraft:iron_pickaxe":217,"minecraft:lilac":4,"minecraft:stone_axe":138,"minecraft:diamond_sword":221,"minecraft:wooden_sword":6,"minecraft:cobblestone":241,"minecraft:cherry_stairs":2,"minecraft:cooked_porkchop":9,"minecraft:birch_log":1,"minecraft:andesite":6,"minecraft:bucket":134,"minecraft:gray_wool":84,"minecraft:bone_meal":6},"minecraft:broken":{"minecraft:stone_sword":1,"minecraft:wooden_pickaxe":1,"minecraft:shield":1,"minecraft:stone_axe":1,"minecraft:wooden_hoe":1},"minecraft:picked_up":{"minecraft:wooden_axe":1,"minecraft:ominous_bottle":4,"minecraft:chicken":25,"minecraft:diamond_sword":2,"minecraft:wooden_pickaxe":2,"minecraft:oak_stairs":1,"minecraft:cornflower":2,"minecraft:string":26,"minecraft:wooden_sword":2,"minecraft:cobbled_deepslate":56,"minecraft:beef":54,"minecraft:player_head":2,"minecraft:sugar_cane":3,"minecraft:birch_sapling":2,"minecraft:egg":1,"minecraft:furnace":5,"minecraft:stick":14,"minecraft:raw_iron":52,"minecraft:cherry_stairs":2,"minecraft:oak_door":5,"minecraft:oak_fence":2,"minecraft:torch":39,"minecraft:porkchop":42,"minecraft:carrot":1,"minecraft:redstone":4,"minecraft:diamond_chestplate":1,"minecraft:arrow":35,"minecraft:rotten_flesh":38,"minecraft:mutton":28,"minecraft:skeleton_skull":1,"minecraft:white_wool":31,"minecraft:cobblestone":216,"minecraft:stripped_oak_log":79,"minecraft:birch_log":8,"minecraft:feather":29,"minecraft:lilac":4,"minecraft:glow_ink_sac":45,"minecraft:andesite":6,"minecraft:leather":28,"minecraft:birch_planks":4,"minecraft:tuff":13,"minecraft:oak_log":99,"minecraft:gunpowder":4,"minecraft:lapis_lazuli":46,"minecraft:dirt":347,"minecraft:cooked_mutton":2,"minecraft:bone":27,"minecraft:apple":6,"minecraft:bow":2,"minecraft:wheat_seeds":34,"minecraft:iron_ingot":1,"minecraft:diamond_helmet":1,"minecraft:oak_planks":66,"minecraft:iron_sword":1,"minecraft:dandelion":1,"minecraft:sand":20,"minecraft:white_bed":3,"minecraft:grass_block":3,"minecraft:spider_eye":1,"minecraft:slime_ball":6,"minecraft:diamond":30,"minecraft:gray_wool":93,"minecraft:oak_sapling":29,"minecraft:coal":24,"minecraft:sunflower":8,"minecraft:ender_pearl":3}},"DataVersion":3955}