{"stats":{"minecraft:crafted":{"minecraft:diamond_sword":1,"minecraft:shield":1,"minecraft:stick":12,"minecraft:iron_pickaxe":1,"minecraft:stone_pickaxe":1,"minecraft:stone_sword":1,"minecraft:bucket":1,"minecraft:torch":16,"minecraft:birch_planks":20},"minecraft:custom":{"minecraft:time_since_rest":17966,"minecraft:sprint_one_cm":28100,"minecraft:interact_with_furnace":4,"minecraft:damage_taken":310,"minecraft:walk_one_cm":14785,"minecraft:mob_kills":1,"minecraft:drop":1,"minecraft:damage_dealt":210,"minecraft:interact_with_crafting_table":3,"minecraft:fly_one_cm":26090,"minecraft:open_chest":14,"minecraft:crouch_one_cm":2993,"minecraft:play_time":17966,"minecraft:sneak_time":1207,"minecraft:walk_under_water_one_cm":185,"minecraft:jump":162,"minecraft:walk_on_water_one_cm":888,"minecraft:time_since_death":17966,"minecraft:total_world_time":17966,"minecraft:fall_one_cm":4830},"minecraft:used":{"minecraft:birch_planks":1,"minecraft:cooked_chicken":2,"minecraft:rotten_flesh":1,"minecraft:torch":4,"minecraft:diamond_sword":3,"minecraft:dirt":7},"minecraft:picked_up":{"minecraft:birch_log":5,"minecraft:birch_planks":1,"minecraft:dirt":7,"minecraft:rotten_flesh":2,"minecraft:diamond":2,"minecraft:iron_ingot":7,"minecraft:cooked_chicken":5,"minecraft:coal":10,"minecraft:cobblestone":32},"minecraft:dropped":{"minecraft:rotten_flesh":1},"minecraft:killed":{"minecraft:zombie":1},"minecraft:mined":{"minecraft:birch_planks":1,"minecraft:birch_log":5,"minecraft:grass_block":1,"minecraft:dirt":6}},"DataVersion":3955}