{"stats":{"minecraft:crafted":{"minecraft:stone_sword":1,"minecraft:diamond_sword":1,"minecraft:bucket":1,"minecraft:torch":16,"minecraft:birch_planks":20,"minecraft:shield":1,"minecraft:stick":12,"minecraft:iron_pickaxe":1,"minecraft:stone_pickaxe":1},"minecraft:custom":{"minecraft:open_chest":14,"minecraft:time_since_rest":5966,"minecraft:crouch_one_cm":2554,"minecraft:play_time":5966,"minecraft:interact_with_furnace":4,"minecraft:sprint_one_cm":16728,"minecraft:damage_taken":60,"minecraft:walk_one_cm":8530,"minecraft:sneak_time":1020,"minecraft:walk_under_water_one_cm":185,"minecraft:mob_kills":1,"minecraft:jump":60,"minecraft:damage_dealt":210,"minecraft:time_since_death":5966,"minecraft:walk_on_water_one_cm":888,"minecraft:total_world_time":5966,"minecraft:interact_with_crafting_table":3,"minecraft:fall_one_cm":1649,"minecraft:fly_one_cm":11416},"minecraft:used":{"minecraft:torch":4,"minecraft:diamond_sword":3,"minecraft:dirt":7,"minecraft:cooked_chicken":1},"minecraft:picked_up":{"minecraft:rotten_flesh":2,"minecraft:diamond":2,"minecraft:iron_ingot":7,"minecraft:cooked_chicken":5,"minecraft:dirt":7,"minecraft:coal":10,"minecraft:cobblestone":32,"minecraft:birch_log":5},"minecraft:killed":{"minecraft:zombie":1},"minecraft:mined":{"minecraft:grass_block":1,"minecraft:dirt":6,"minecraft:birch_log":5}},"DataVersion":3955}