{"stats":{"minecraft:picked_up":{"minecraft:crafting_table":3,"minecraft:wheat":8,"minecraft:ominous_bottle":7,"minecraft:chicken":14,"minecraft:lead":20,"minecraft:string":15,"minecraft:pufferfish":1,"minecraft:cobbled_deepslate":11,"minecraft:beef":12,"minecraft:oak_boat":6,"minecraft:birch_sapling":26,"minecraft:furnace":19,"minecraft:egg":12,"minecraft:raw_iron":3,"minecraft:stick":24,"minecraft:oak_door":4,"minecraft:oak_fence":17,"minecraft:torch":131,"minecraft:porkchop":13,"minecraft:diorite":9,"minecraft:stone_sword":14,"minecraft:arrow":25,"minecraft:rotten_flesh":45,"minecraft:mutton":5,"minecraft:white_wool":8,"minecraft:cobblestone":929,"minecraft:stripped_oak_log":1,"minecraft:birch_log":61,"minecraft:feather":67,"minecraft:lilac":106,"minecraft:andesite":40,"minecraft:leather":44,"minecraft:flint":5,"minecraft:oak_log":47,"minecraft:wooden_hoe":3,"minecraft:dirt":654,"minecraft:white_banner":5,"minecraft:bone":30,"minecraft:apple":5,"minecraft:bow":6,"minecraft:wheat_seeds":65,"minecraft:stone_pickaxe":10,"minecraft:oak_planks":131,"minecraft:pumpkin":3,"minecraft:cooked_porkchop":5,"minecraft:gravel":14,"minecraft:sand":24,"minecraft:stone_axe":9,"minecraft:granite":14,"minecraft:crossbow":6,"minecraft:bone_meal":3,"minecraft:oak_sapling":65,"minecraft:coal":543},"minecraft:killed":{"minecraft:spider":2,"minecraft:skeleton":8,"minecraft:chicken":3,"minecraft:pig":3,"minecraft:trader_llama":2,"minecraft:pillager":4,"minecraft:zombie":8,"minecraft:cow":3},"minecraft:custom":{"minecraft:mob_kills":75,"minecraft:animals_bred":5,"minecraft:interact_with_crafting_table":41,"minecraft:open_barrel":2,"minecraft:bell_ring":1,"minecraft:leave_game":1,"minecraft:time_since_death":34314,"minecraft:sprint_one_cm":908173,"minecraft:walk_one_cm":1092548,"minecraft:drop":5,"minecraft:play_time":263186,"minecraft:deaths":26,"minecraft:sneak_time":982,"minecraft:walk_under_water_one_cm":11881,"minecraft:boat_one_cm":96154,"minecraft:jump":3447,"minecraft:walk_on_water_one_cm":11541,"minecraft:total_world_time":263186,"minecraft:interact_with_furnace":36,"minecraft:sleep_in_bed":7,"minecraft:time_since_rest":34342,"minecraft:damage_taken":7714,"minecraft:damage_dealt":5984,"minecraft:swim_one_cm":25552,"minecraft:fly_one_cm":247534,"minecraft:open_chest":21,"minecraft:crouch_one_cm":5753,"minecraft:fall_one_cm":71487},"minecraft:dropped":{"minecraft:cobblestone":50,"minecraft:coal":64,"minecraft:stone_sword":1},"minecraft:mined":{"minecraft:granite":14,"minecraft:grass_block":249,"minecraft:furnace":5,"minecraft:iron_ore":3,"minecraft:andesite":8,"minecraft:pumpkin":3,"minecraft:dirt_path":6,"minecraft:stripped_oak_log":1,"minecraft:stone":307,"minecraft:white_wool":3,"minecraft:oak_fence":17,"minecraft:crafting_table":3,"minecraft:torch":9,"minecraft:short_grass":39,"minecraft:oak_planks":3,"minecraft:diorite":9,"minecraft:wall_torch":5,"minecraft:seagrass":1,"minecraft:birch_log":17,"minecraft:wheat":3,"minecraft:lilac":54,"minecraft:birch_leaves":24,"minecraft:white_wall_banner":2,"minecraft:oak_log":33,"minecraft:coal_ore":103,"minecraft:gravel":7,"minecraft:sand":26,"minecraft:dirt":180,"minecraft:oak_leaves":86,"minecraft:deepslate":11},"minecraft:crafted":{"minecraft:oak_door":3,"minecraft:oak_planks":208,"minecraft:stone_shovel":3,"minecraft:leather_boots":1,"minecraft:cooked_chicken":3,"minecraft:furnace":2,"minecraft:bone_meal":9,"minecraft:cooked_mutton":3,"minecraft:stone_pickaxe":4,"minecraft:oak_fence":83,"minecraft:wooden_shovel":3,"minecraft:arrow":4,"minecraft:cooked_porkchop":7,"minecraft:crafting_table":6,"minecraft:wooden_pickaxe":1,"minecraft:birch_planks":22,"minecraft:stone_axe":2,"minecraft:oak_fence_gate":4,"minecraft:oak_boat":1,"minecraft:wooden_hoe":1,"minecraft:stick":112,"minecraft:leather_chestplate":1,"minecraft:stone_sword":3,"minecraft:white_bed":1,"minecraft:torch":68},"minecraft:used":{"minecraft:oak_fence":100,"minecraft:stone_sword":188,"minecraft:stone_shovel":188,"minecraft:wooden_shovel":181,"minecraft:cooked_chicken":3,"minecraft:rotten_flesh":20,"minecraft:oak_door":2,"minecraft:torch":56,"minecraft:dirt":465,"minecraft:granite":14,"minecraft:oak_fence_gate":4,"minecraft:bow":9,"minecraft:ominous_bottle":1,"minecraft:furnace":4,"minecraft:egg":6,"minecraft:cobbled_deepslate":11,"minecraft:wheat_seeds":3,"minecraft:cooked_mutton":3,"minecraft:diorite":9,"minecraft:stone_pickaxe":428,"minecraft:oak_planks":2,"minecraft:wooden_pickaxe":103,"minecraft:crafting_table":8,"minecraft:crossbow":3,"minecraft:white_bed":1,"minecraft:oak_log":3,"minecraft:wooden_hoe":1,"minecraft:apple":3,"minecraft:chicken":2,"minecraft:gravel":4,"minecraft:lilac":49,"minecraft:pufferfish":1,"minecraft:stone_axe":86,"minecraft:cobblestone":38,"minecraft:white_banner":4,"minecraft:cooked_porkchop":7,"minecraft:oak_boat":5,"minecraft:bone_meal":8},"minecraft:killed_by":{"minecraft:zombie_villager":2,"minecraft:wolf":1,"minecraft:spider":1,"minecraft:pillager":2,"minecraft:skeleton":5,"minecraft:zombie":11},"minecraft:broken":{"minecraft:wooden_shovel":3,"minecraft:stone_sword":1,"minecraft:wooden_pickaxe":2,"minecraft:stone_pickaxe":3,"minecraft:stone_shovel":1}},"DataVersion":3955}