{"stats":{"minecraft:killed_by":{"minecraft:zombie_villager":2,"minecraft:wolf":1,"minecraft:creeper":1,"minecraft:spider":1,"minecraft:pillager":2,"minecraft:skeleton":5,"minecraft:zombie":12},"minecraft:mined":{"minecraft:tuff":2,"minecraft:white_bed":1,"minecraft:granite":14,"minecraft:grass_block":261,"minecraft:furnace":11,"minecraft:iron_ore":18,"minecraft:cobbled_deepslate":56,"minecraft:andesite":9,"minecraft:pumpkin":3,"minecraft:azure_bluet":2,"minecraft:deepslate_iron_ore":20,"minecraft:dirt_path":6,"minecraft:stripped_oak_log":1,"minecraft:stone":337,"minecraft:white_wool":4,"minecraft:dandelion":2,"minecraft:crafting_table":8,"minecraft:oak_fence":17,"minecraft:torch":9,"minecraft:short_grass":98,"minecraft:calcite":5,"minecraft:chest":2,"minecraft:cobblestone":26,"minecraft:tall_grass":3,"minecraft:deepslate_gold_ore":20,"minecraft:oak_planks":3,"minecraft:diorite":9,"minecraft:wall_torch":6,"minecraft:amethyst_block":1,"minecraft:seagrass":1,"minecraft:birch_log":23,"minecraft:wheat":3,"minecraft:lilac":54,"minecraft:birch_leaves":27,"minecraft:white_wall_banner":2,"minecraft:oak_log":56,"minecraft:coal_ore":106,"minecraft:cherry_leaves":27,"minecraft:sunflower":2,"minecraft:gravel":46,"minecraft:sand":26,"minecraft:dirt":230,"minecraft:smooth_basalt":3,"minecraft:oak_leaves":146,"minecraft:deepslate":35},"minecraft:crafted":{"minecraft:oak_door":3,"minecraft:oak_planks":238,"minecraft:stone_shovel":3,"minecraft:leather_boots":1,"minecraft:cooked_chicken":6,"minecraft:furnace":2,"minecraft:bone_meal":9,"minecraft:cooked_mutton":3,"minecraft:iron_boots":1,"minecraft:iron_axe":1,"minecraft:stone_pickaxe":4,"minecraft:oak_fence":83,"minecraft:cooked_beef":10,"minecraft:wooden_shovel":3,"minecraft:arrow":4,"minecraft:cooked_porkchop":15,"minecraft:crafting_table":8,"minecraft:wooden_pickaxe":3,"minecraft:iron_helmet":1,"minecraft:birch_planks":22,"minecraft:stone_axe":2,"minecraft:air":0,"minecraft:oak_fence_gate":4,"minecraft:oak_boat":1,"minecraft:iron_chestplate":1,"minecraft:wooden_hoe":1,"minecraft:shield":1,"minecraft:stick":148,"minecraft:iron_ingot":8,"minecraft:leather_chestplate":1,"minecraft:iron_pickaxe":1,"minecraft:wooden_axe":1,"minecraft:stone_sword":4,"minecraft:iron_leggings":1,"minecraft:white_bed":1,"minecraft:torch":146},"minecraft:custom":{"minecraft:mob_kills":112,"minecraft:interact_with_anvil":1,"minecraft:animals_bred":5,"minecraft:interact_with_crafting_table":51,"minecraft:open_barrel":2,"minecraft:bell_ring":1,"minecraft:leave_game":2,"minecraft:time_since_death":8782,"minecraft:climb_one_cm":56,"minecraft:sprint_one_cm":1263520,"minecraft:walk_one_cm":1307765,"minecraft:damage_blocked_by_shield":361,"minecraft:drop":109,"minecraft:play_time":358477,"minecraft:deaths":30,"minecraft:sneak_time":1104,"minecraft:walk_under_water_one_cm":23334,"minecraft:boat_one_cm":130008,"minecraft:jump":4949,"minecraft:walk_on_water_one_cm":34257,"minecraft:total_world_time":358477,"minecraft:interact_with_furnace":60,"minecraft:sleep_in_bed":8,"minecraft:time_since_rest":8817,"minecraft:damage_taken":10279,"minecraft:damage_dealt":11192,"minecraft:swim_one_cm":106565,"minecraft:fly_one_cm":396471,"minecraft:open_chest":25,"minecraft:crouch_one_cm":5923,"minecraft:fall_one_cm":105685,"minecraft:horse_one_cm":33643},"minecraft:killed":{"minecraft:spider":3,"minecraft:horse":3,"minecraft:skeleton":9,"minecraft:chicken":6,"minecraft:pig":7,"minecraft:sheep":6,"minecraft:trader_llama":2,"minecraft:pillager":9,"minecraft:zombie":12,"minecraft:cow":13},"minecraft:dropped":{"minecraft:iron_sword":2,"minecraft:wheat_seeds":11,"minecraft:cooked_beef":5,"minecraft:lilac":1,"minecraft:crossbow":2,"minecraft:feather":12,"minecraft:cobblestone":102,"minecraft:apple":1,"minecraft:saddle":1,"minecraft:coal":77,"minecraft:dirt":48,"minecraft:torch":14,"minecraft:wooden_hoe":1,"minecraft:dark_oak_fence":1,"minecraft:cornflower":2,"minecraft:bone_meal":1,"minecraft:sunflower":4,"minecraft:sand":24,"minecraft:iron_pickaxe":1,"minecraft:birch_log":6,"minecraft:white_wool":15,"minecraft:gravel":24,"minecraft:stone_axe":1,"minecraft:sugar_cane":35,"minecraft:cobbled_deepslate":66,"minecraft:stone_sword":4,"minecraft:wheat":1,"minecraft:stone_shovel":2,"minecraft:rotten_flesh":42,"minecraft:oak_planks":6,"minecraft:cooked_mutton":2,"minecraft:azure_bluet":2,"minecraft:white_bed":1,"minecraft:oak_sapling":5,"minecraft:bow":1,"minecraft:stone_pickaxe":2},"minecraft:used":{"minecraft:oak_fence":100,"minecraft:stone_sword":344,"minecraft:stone_shovel":263,"minecraft:chest":2,"minecraft:shield":12,"minecraft:iron_sword":94,"minecraft:wooden_shovel":181,"minecraft:cooked_chicken":4,"minecraft:rotten_flesh":24,"minecraft:oak_door":2,"minecraft:torch":100,"minecraft:dirt":481,"minecraft:mutton":2,"minecraft:granite":14,"minecraft:oak_fence_gate":4,"minecraft:wooden_axe":1,"minecraft:iron_axe":1,"minecraft:smooth_basalt":2,"minecraft:bow":10,"minecraft:ominous_bottle":1,"minecraft:furnace":10,"minecraft:egg":6,"minecraft:cooked_beef":10,"minecraft:cobbled_deepslate":21,"minecraft:calcite":5,"minecraft:wheat_seeds":3,"minecraft:cooked_mutton":5,"minecraft:diorite":9,"minecraft:stone_pickaxe":570,"minecraft:oak_planks":2,"minecraft:wooden_pickaxe":103,"minecraft:white_wool":6,"minecraft:crafting_table":12,"minecraft:crossbow":4,"minecraft:white_bed":1,"minecraft:oak_log":3,"minecraft:wooden_hoe":42,"minecraft:apple":4,"minecraft:brown_wool":1,"minecraft:chicken":2,"minecraft:iron_pickaxe":77,"minecraft:gravel":17,"minecraft:lilac":49,"minecraft:pufferfish":1,"minecraft:stone_axe":107,"minecraft:cobblestone":74,"minecraft:white_banner":4,"minecraft:cooked_porkchop":10,"minecraft:andesite":1,"minecraft:oak_boat":5,"minecraft:bone_meal":8},"minecraft:broken":{"minecraft:wooden_shovel":3,"minecraft:stone_sword":2,"minecraft:wooden_pickaxe":2,"minecraft:stone_pickaxe":3,"minecraft:stone_shovel":2},"minecraft:picked_up":{"minecraft:crafting_table":9,"minecraft:wheat":8,"minecraft:azure_bluet":2,"minecraft:ominous_bottle":8,"minecraft:chicken":17,"minecraft:lead":20,"minecraft:iron_axe":1,"minecraft:cornflower":2,"minecraft:string":15,"minecraft:flint_and_steel":1,"minecraft:pufferfish":1,"minecraft:cobbled_deepslate":89,"minecraft:beef":42,"minecraft:oak_boat":6,"minecraft:calcite":5,"minecraft:iron_pickaxe":1,"minecraft:sugar_cane":105,"minecraft:chest":2,"minecraft:birch_sapling":26,"minecraft:egg":13,"minecraft:furnace":23,"minecraft:stick":54,"minecraft:raw_iron":47,"minecraft:cherry_stairs":2,"minecraft:oak_door":4,"minecraft:oak_fence":17,"minecraft:torch":144,"minecraft:porkchop":27,"minecraft:diorite":9,"minecraft:stone_shovel":1,"minecraft:rotten_flesh":91,"minecraft:stone_sword":16,"minecraft:arrow":42,"minecraft:gold_ingot":15,"minecraft:mutton":17,"minecraft:white_wool":40,"minecraft:cobblestone":1070,"minecraft:oxeye_daisy":1,"minecraft:birch_log":67,"minecraft:stripped_oak_log":1,"minecraft:cooked_beef":1,"minecraft:feather":68,"minecraft:lilac":106,"minecraft:andesite":41,"minecraft:leather":84,"minecraft:brown_wool":1,"minecraft:birch_planks":2,"minecraft:flint":9,"minecraft:oak_log":70,"minecraft:wooden_hoe":3,"minecraft:lapis_lazuli":80,"minecraft:dirt":728,"minecraft:white_banner":5,"minecraft:cooked_mutton":4,"minecraft:glass":16,"minecraft:bone":75,"minecraft:apple":7,"minecraft:bow":8,"minecraft:wheat_seeds":71,"minecraft:raw_gold":19,"minecraft:iron_ingot":8,"minecraft:stone_pickaxe":11,"minecraft:iron_sword":4,"minecraft:oak_planks":137,"minecraft:smooth_basalt":3,"minecraft:cooked_porkchop":5,"minecraft:pumpkin":3,"minecraft:dandelion":2,"minecraft:gravel":51,"minecraft:sand":24,"minecraft:birch_stairs":2,"minecraft:white_bed":2,"minecraft:diamond":1,"minecraft:stone_axe":9,"minecraft:granite":14,"minecraft:crossbow":9,"minecraft:bone_meal":3,"minecraft:cherry_sapling":6,"minecraft:oak_sapling":71,"minecraft:black_wool":2,"minecraft:dark_oak_fence":1,"minecraft:coal":581,"minecraft:nether_star":1,"minecraft:sunflower":4}},"DataVersion":3955}