{"stats":{"minecraft:killed_by":{"minecraft:zombie_villager":2,"minecraft:wolf":1,"minecraft:creeper":1,"minecraft:spider":1,"minecraft:pillager":2,"minecraft:skeleton":5,"minecraft:zombie":13},"minecraft:mined":{"minecraft:tuff":2,"minecraft:white_bed":1,"minecraft:mossy_cobblestone":1,"minecraft:cobblestone_stairs":3,"minecraft:granite":22,"minecraft:grass_block":267,"minecraft:composter":1,"minecraft:hay_block":4,"minecraft:carrots":4,"minecraft:furnace":16,"minecraft:iron_ore":23,"minecraft:cobbled_deepslate":56,"minecraft:andesite":13,"minecraft:pumpkin":3,"minecraft:azure_bluet":2,"minecraft:bell":1,"minecraft:potatoes":4,"minecraft:deepslate_iron_ore":20,"minecraft:dirt_path":6,"minecraft:stripped_oak_log":1,"minecraft:stone":418,"minecraft:white_wool":4,"minecraft:dandelion":2,"minecraft:powder_snow":2,"minecraft:crafting_table":9,"minecraft:oak_fence":20,"minecraft:torch":9,"minecraft:short_grass":105,"minecraft:calcite":5,"minecraft:chest":3,"minecraft:copper_ore":1,"minecraft:cobblestone":39,"minecraft:tall_grass":3,"minecraft:deepslate_gold_ore":20,"minecraft:oak_planks":3,"minecraft:diorite":9,"minecraft:wall_torch":6,"minecraft:amethyst_block":1,"minecraft:seagrass":1,"minecraft:birch_log":23,"minecraft:wheat":17,"minecraft:lilac":54,"minecraft:birch_leaves":28,"minecraft:white_wall_banner":2,"minecraft:oak_log":56,"minecraft:coal_ore":106,"minecraft:beetroots":2,"minecraft:cherry_leaves":27,"minecraft:sunflower":2,"minecraft:gravel":52,"minecraft:sand":26,"minecraft:dirt":240,"minecraft:smooth_basalt":3,"minecraft:red_mushroom_block":1,"minecraft:oak_leaves":157,"minecraft:deepslate":35},"minecraft:crafted":{"minecraft:oak_door":3,"minecraft:oak_planks":238,"minecraft:stone_shovel":3,"minecraft:leather_boots":1,"minecraft:cooked_chicken":6,"minecraft:furnace":3,"minecraft:bone_meal":9,"minecraft:cooked_mutton":3,"minecraft:iron_boots":1,"minecraft:iron_axe":1,"minecraft:stone_pickaxe":5,"minecraft:oak_fence":83,"minecraft:cooked_beef":10,"minecraft:wooden_shovel":3,"minecraft:arrow":4,"minecraft:cooked_porkchop":20,"minecraft:crafting_table":8,"minecraft:wooden_pickaxe":3,"minecraft:iron_helmet":1,"minecraft:birch_planks":22,"minecraft:stone_axe":2,"minecraft:air":0,"minecraft:oak_fence_gate":4,"minecraft:oak_boat":1,"minecraft:iron_chestplate":1,"minecraft:wooden_hoe":1,"minecraft:shield":1,"minecraft:stick":148,"minecraft:iron_ingot":8,"minecraft:leather_chestplate":1,"minecraft:iron_pickaxe":1,"minecraft:wooden_axe":1,"minecraft:stone_sword":4,"minecraft:iron_leggings":1,"minecraft:white_bed":1,"minecraft:torch":146},"minecraft:custom":{"minecraft:mob_kills":120,"minecraft:interact_with_anvil":1,"minecraft:animals_bred":5,"minecraft:interact_with_crafting_table":57,"minecraft:open_barrel":2,"minecraft:bell_ring":16,"minecraft:leave_game":2,"minecraft:time_since_death":2874,"minecraft:climb_one_cm":56,"minecraft:sprint_one_cm":1527978,"minecraft:walk_one_cm":1438087,"minecraft:damage_blocked_by_shield":469,"minecraft:drop":183,"minecraft:play_time":446671,"minecraft:deaths":31,"minecraft:sneak_time":1891,"minecraft:walk_under_water_one_cm":46403,"minecraft:boat_one_cm":427477,"minecraft:jump":6071,"minecraft:walk_on_water_one_cm":61158,"minecraft:total_world_time":446671,"minecraft:interact_with_furnace":92,"minecraft:sleep_in_bed":8,"minecraft:time_since_rest":3344,"minecraft:damage_taken":11694,"minecraft:damage_dealt":12273,"minecraft:swim_one_cm":132331,"minecraft:fly_one_cm":493869,"minecraft:open_chest":27,"minecraft:crouch_one_cm":6140,"minecraft:fall_one_cm":129322,"minecraft:horse_one_cm":33643},"minecraft:killed":{"minecraft:spider":4,"minecraft:horse":3,"minecraft:skeleton":9,"minecraft:chicken":6,"minecraft:drowned":1,"minecraft:pig":12,"minecraft:sheep":6,"minecraft:trader_llama":2,"minecraft:pillager":9,"minecraft:zombie":13,"minecraft:cow":13},"minecraft:dropped":{"minecraft:iron_ingot":2,"minecraft:iron_sword":3,"minecraft:wheat_seeds":33,"minecraft:cooked_beef":5,"minecraft:lilac":1,"minecraft:cooked_porkchop":5,"minecraft:oak_fence":3,"minecraft:crossbow":2,"minecraft:feather":12,"minecraft:cobblestone":115,"minecraft:apple":1,"minecraft:saddle":1,"minecraft:coal":77,"minecraft:cobblestone_stairs":3,"minecraft:flint":4,"minecraft:dirt":70,"minecraft:torch":14,"minecraft:wooden_hoe":1,"minecraft:dark_oak_fence":1,"minecraft:cornflower":2,"minecraft:bone_meal":1,"minecraft:sunflower":4,"minecraft:sand":24,"minecraft:iron_pickaxe":1,"minecraft:string":4,"minecraft:birch_log":6,"minecraft:white_wool":15,"minecraft:smooth_basalt":1,"minecraft:gravel":26,"minecraft:furnace":3,"minecraft:stone_axe":1,"minecraft:sugar_cane":35,"minecraft:cobbled_deepslate":66,"minecraft:stone_sword":4,"minecraft:raw_copper":3,"minecraft:wheat":7,"minecraft:stone_shovel":3,"minecraft:beetroot":2,"minecraft:rotten_flesh":44,"minecraft:oak_planks":20,"minecraft:cooked_mutton":2,"minecraft:azure_bluet":2,"minecraft:white_bed":1,"minecraft:carrot":5,"minecraft:oak_sapling":5,"minecraft:wooden_pickaxe":4,"minecraft:bow":1,"minecraft:stone_pickaxe":3,"minecraft:red_tulip":1},"minecraft:used":{"minecraft:oak_fence":100,"minecraft:stone_sword":344,"minecraft:stone_shovel":263,"minecraft:chest":2,"minecraft:shield":13,"minecraft:iron_sword":131,"minecraft:bell":1,"minecraft:wooden_shovel":181,"minecraft:cooked_chicken":4,"minecraft:rotten_flesh":24,"minecraft:oak_door":2,"minecraft:torch":100,"minecraft:dirt":482,"minecraft:mutton":2,"minecraft:diamond_helmet":1,"minecraft:granite":22,"minecraft:oak_fence_gate":4,"minecraft:wooden_axe":2,"minecraft:iron_axe":16,"minecraft:smooth_basalt":2,"minecraft:diamond_chestplate":1,"minecraft:bow":10,"minecraft:ominous_bottle":1,"minecraft:furnace":15,"minecraft:egg":6,"minecraft:cooked_beef":10,"minecraft:cobbled_deepslate":21,"minecraft:calcite":5,"minecraft:wheat_seeds":3,"minecraft:cooked_mutton":8,"minecraft:diorite":9,"minecraft:stone_pickaxe":599,"minecraft:oak_planks":2,"minecraft:wooden_pickaxe":150,"minecraft:white_wool":6,"minecraft:mossy_cobblestone":1,"minecraft:crafting_table":17,"minecraft:crossbow":6,"minecraft:white_bed":1,"minecraft:oak_log":3,"minecraft:wooden_hoe":42,"minecraft:apple":4,"minecraft:brown_wool":1,"minecraft:chicken":2,"minecraft:iron_pickaxe":134,"minecraft:gravel":22,"minecraft:lilac":49,"minecraft:pufferfish":1,"minecraft:stone_axe":107,"minecraft:cobblestone":142,"minecraft:white_banner":4,"minecraft:cooked_porkchop":24,"minecraft:andesite":5,"minecraft:oak_boat":10,"minecraft:bone_meal":8},"minecraft:broken":{"minecraft:wooden_shovel":3,"minecraft:stone_sword":2,"minecraft:wooden_pickaxe":2,"minecraft:stone_pickaxe":3,"minecraft:iron_pickaxe":1,"minecraft:stone_shovel":2},"minecraft:picked_up":{"minecraft:iron_chestplate":1,"minecraft:crafting_table":13,"minecraft:wheat":14,"minecraft:azure_bluet":2,"minecraft:ominous_bottle":11,"minecraft:chicken":17,"minecraft:lead":20,"minecraft:wooden_pickaxe":2,"minecraft:shield":1,"minecraft:raw_copper":3,"minecraft:iron_axe":2,"minecraft:cornflower":2,"minecraft:string":19,"minecraft:iron_leggings":1,"minecraft:flint_and_steel":2,"minecraft:pufferfish":1,"minecraft:beetroot":3,"minecraft:cobbled_deepslate":89,"minecraft:beef":52,"minecraft:oak_boat":12,"minecraft:calcite":5,"minecraft:iron_pickaxe":3,"minecraft:sugar_cane":140,"minecraft:chest":2,"minecraft:birch_sapling":26,"minecraft:iron_boots":1,"minecraft:egg":13,"minecraft:furnace":33,"minecraft:stick":103,"minecraft:raw_iron":78,"minecraft:cherry_stairs":2,"minecraft:oak_door":4,"minecraft:oak_fence":20,"minecraft:torch":198,"minecraft:porkchop":41,"minecraft:diorite":9,"minecraft:carrot":5,"minecraft:diamond_chestplate":1,"minecraft:stone_shovel":2,"minecraft:rotten_flesh":93,"minecraft:stone_sword":16,"minecraft:arrow":54,"minecraft:beetroot_seeds":6,"minecraft:red_tulip":1,"minecraft:gold_ingot":49,"minecraft:mutton":21,"minecraft:white_wool":40,"minecraft:cobblestone":1195,"minecraft:oxeye_daisy":1,"minecraft:birch_log":67,"minecraft:stripped_oak_log":1,"minecraft:cooked_beef":11,"minecraft:feather":68,"minecraft:lilac":106,"minecraft:andesite":45,"minecraft:leather":164,"minecraft:brown_wool":1,"minecraft:potato":7,"minecraft:birch_planks":2,"minecraft:flint":13,"minecraft:oak_log":80,"minecraft:cobblestone_stairs":3,"minecraft:wooden_hoe":3,"minecraft:lapis_lazuli":120,"minecraft:dirt":751,"minecraft:white_banner":5,"minecraft:cooked_mutton":7,"minecraft:glass":16,"minecraft:bone":137,"minecraft:apple":7,"minecraft:bow":10,"minecraft:wheat_seeds":93,"minecraft:bell":1,"minecraft:cooked_chicken":2,"minecraft:raw_gold":38,"minecraft:iron_ingot":47,"minecraft:stone_pickaxe":11,"minecraft:diamond_helmet":1,"minecraft:iron_sword":6,"minecraft:oak_planks":144,"minecraft:smooth_basalt":4,"minecraft:cooked_porkchop":29,"minecraft:pumpkin":3,"minecraft:dandelion":2,"minecraft:gravel":58,"minecraft:sand":24,"minecraft:birch_stairs":2,"minecraft:white_bed":2,"minecraft:mossy_cobblestone":1,"minecraft:diamond":2,"minecraft:stone_axe":9,"minecraft:iron_helmet":1,"minecraft:granite":22,"minecraft:crossbow":10,"minecraft:bone_meal":3,"minecraft:cherry_sapling":9,"minecraft:oak_sapling":71,"minecraft:black_wool":2,"minecraft:dark_oak_fence":1,"minecraft:coal":727,"minecraft:nether_star":2,"minecraft:sunflower":68}},"DataVersion":3955}