{"stats":{"minecraft:killed_by":{"minecraft:zombie_villager":2,"minecraft:wolf":1,"minecraft:creeper":1,"minecraft:spider":2,"minecraft:pillager":2,"minecraft:skeleton":5,"minecraft:zombie":13},"minecraft:mined":{"minecraft:tuff":2,"minecraft:white_bed":1,"minecraft:mossy_cobblestone":1,"minecraft:cobblestone_stairs":3,"minecraft:granite":22,"minecraft:grass_block":268,"minecraft:composter":1,"minecraft:oxeye_daisy":1,"minecraft:hay_block":70,"minecraft:furnace":16,"minecraft:carrots":33,"minecraft:iron_ore":23,"minecraft:cobbled_deepslate":56,"minecraft:andesite":13,"minecraft:pumpkin":3,"minecraft:azure_bluet":2,"minecraft:bell":1,"minecraft:potatoes":16,"minecraft:deepslate_iron_ore":20,"minecraft:dirt_path":6,"minecraft:stripped_oak_log":1,"minecraft:stone":418,"minecraft:white_wool":4,"minecraft:dandelion":2,"minecraft:powder_snow":2,"minecraft:oak_fence":20,"minecraft:crafting_table":9,"minecraft:torch":9,"minecraft:short_grass":114,"minecraft:calcite":5,"minecraft:chest":3,"minecraft:copper_ore":1,"minecraft:tall_grass":3,"minecraft:cobblestone":39,"minecraft:deepslate_gold_ore":20,"minecraft:oak_planks":3,"minecraft:diorite":9,"minecraft:wall_torch":6,"minecraft:amethyst_block":1,"minecraft:seagrass":3,"minecraft:birch_log":23,"minecraft:wheat":39,"minecraft:lilac":54,"minecraft:birch_leaves":28,"minecraft:white_wall_banner":2,"minecraft:coal_ore":109,"minecraft:oak_log":60,"minecraft:beetroots":10,"minecraft:cherry_leaves":27,"minecraft:sunflower":2,"minecraft:gravel":52,"minecraft:sand":26,"minecraft:dirt":243,"minecraft:smooth_basalt":3,"minecraft:red_mushroom_block":1,"minecraft:oak_leaves":161,"minecraft:deepslate":35},"minecraft:crafted":{"minecraft:oak_door":3,"minecraft:oak_planks":246,"minecraft:stone_shovel":3,"minecraft:leather_boots":1,"minecraft:cooked_chicken":6,"minecraft:furnace":3,"minecraft:bone_meal":9,"minecraft:cooked_mutton":3,"minecraft:iron_boots":1,"minecraft:iron_axe":1,"minecraft:iron_hoe":1,"minecraft:stone_pickaxe":5,"minecraft:chest":1,"minecraft:oak_fence":83,"minecraft:wheat":572,"minecraft:cooked_beef":10,"minecraft:wooden_shovel":3,"minecraft:arrow":4,"minecraft:cooked_porkchop":20,"minecraft:crafting_table":8,"minecraft:wooden_pickaxe":3,"minecraft:iron_helmet":1,"minecraft:birch_planks":22,"minecraft:stone_axe":2,"minecraft:bread":115,"minecraft:air":0,"minecraft:oak_fence_gate":4,"minecraft:oak_boat":1,"minecraft:wooden_hoe":1,"minecraft:iron_chestplate":1,"minecraft:shield":1,"minecraft:stick":148,"minecraft:leather_chestplate":1,"minecraft:iron_ingot":8,"minecraft:iron_pickaxe":1,"minecraft:wooden_axe":1,"minecraft:stone_sword":4,"minecraft:iron_leggings":1,"minecraft:white_bed":1,"minecraft:torch":146},"minecraft:custom":{"minecraft:mob_kills":120,"minecraft:interact_with_anvil":1,"minecraft:animals_bred":5,"minecraft:interact_with_crafting_table":64,"minecraft:open_barrel":2,"minecraft:bell_ring":16,"minecraft:leave_game":3,"minecraft:time_since_death":40117,"minecraft:climb_one_cm":56,"minecraft:sprint_one_cm":1685513,"minecraft:walk_one_cm":1545306,"minecraft:damage_blocked_by_shield":469,"minecraft:drop":239,"minecraft:play_time":486883,"minecraft:deaths":32,"minecraft:sneak_time":1925,"minecraft:walk_under_water_one_cm":61840,"minecraft:boat_one_cm":427477,"minecraft:jump":6468,"minecraft:walk_on_water_one_cm":87557,"minecraft:total_world_time":486883,"minecraft:interact_with_furnace":95,"minecraft:sleep_in_bed":8,"minecraft:time_since_rest":40169,"minecraft:damage_taken":12044,"minecraft:damage_dealt":12273,"minecraft:swim_one_cm":139128,"minecraft:fly_one_cm":527095,"minecraft:open_chest":29,"minecraft:crouch_one_cm":6140,"minecraft:fall_one_cm":139774,"minecraft:horse_one_cm":33643},"minecraft:killed":{"minecraft:spider":4,"minecraft:horse":3,"minecraft:skeleton":9,"minecraft:chicken":6,"minecraft:drowned":1,"minecraft:pig":12,"minecraft:sheep":6,"minecraft:trader_llama":2,"minecraft:pillager":9,"minecraft:zombie":13,"minecraft:cow":13},"minecraft:dropped":{"minecraft:iron_ingot":2,"minecraft:iron_sword":3,"minecraft:wheat_seeds":81,"minecraft:cooked_beef":5,"minecraft:oak_log":10,"minecraft:lilac":1,"minecraft:cooked_porkchop":6,"minecraft:oak_fence":3,"minecraft:feather":12,"minecraft:crossbow":2,"minecraft:cobblestone":115,"minecraft:apple":1,"minecraft:saddle":1,"minecraft:coal":77,"minecraft:flint":4,"minecraft:cobblestone_stairs":3,"minecraft:dirt":70,"minecraft:wooden_hoe":1,"minecraft:dark_oak_fence":1,"minecraft:torch":14,"minecraft:cornflower":2,"minecraft:mutton":4,"minecraft:diamond_helmet":1,"minecraft:bone_meal":1,"minecraft:sunflower":4,"minecraft:sand":24,"minecraft:iron_pickaxe":1,"minecraft:string":4,"minecraft:birch_log":6,"minecraft:white_wool":15,"minecraft:smooth_basalt":1,"minecraft:gravel":26,"minecraft:furnace":3,"minecraft:stone_axe":1,"minecraft:sugar_cane":35,"minecraft:stone_sword":4,"minecraft:cobbled_deepslate":66,"minecraft:raw_copper":3,"minecraft:wheat":315,"minecraft:stone_shovel":3,"minecraft:beetroot":3,"minecraft:rotten_flesh":44,"minecraft:iron_hoe":2,"minecraft:oak_planks":20,"minecraft:azure_bluet":2,"minecraft:cooked_mutton":2,"minecraft:white_bed":1,"minecraft:carrot":39,"minecraft:potato":1,"minecraft:hay_block":1,"minecraft:beetroot_seeds":11,"minecraft:oak_boat":1,"minecraft:oak_sapling":5,"minecraft:wooden_pickaxe":4,"minecraft:bow":2,"minecraft:stone_pickaxe":3,"minecraft:red_tulip":1},"minecraft:used":{"minecraft:oak_fence":100,"minecraft:stone_sword":344,"minecraft:stone_shovel":263,"minecraft:chest":3,"minecraft:shield":13,"minecraft:iron_sword":132,"minecraft:bell":1,"minecraft:cooked_chicken":4,"minecraft:wooden_shovel":181,"minecraft:rotten_flesh":24,"minecraft:oak_door":2,"minecraft:iron_chestplate":1,"minecraft:torch":100,"minecraft:dirt":486,"minecraft:mutton":2,"minecraft:carrot":25,"minecraft:diamond_helmet":2,"minecraft:granite":22,"minecraft:oak_fence_gate":4,"minecraft:iron_hoe":96,"minecraft:wooden_axe":2,"minecraft:iron_axe":25,"minecraft:iron_helmet":1,"minecraft:smooth_basalt":2,"minecraft:diamond_chestplate":1,"minecraft:bow":10,"minecraft:hay_block":1,"minecraft:ominous_bottle":1,"minecraft:furnace":18,"minecraft:egg":6,"minecraft:potato":24,"minecraft:cooked_beef":10,"minecraft:cobbled_deepslate":21,"minecraft:iron_leggings":1,"minecraft:calcite":5,"minecraft:wheat_seeds":3,"minecraft:cooked_mutton":8,"minecraft:diorite":9,"minecraft:stone_pickaxe":599,"minecraft:oak_planks":2,"minecraft:wooden_pickaxe":150,"minecraft:white_wool":6,"minecraft:mossy_cobblestone":1,"minecraft:crafting_table":17,"minecraft:crossbow":6,"minecraft:white_bed":1,"minecraft:oak_log":3,"minecraft:wooden_hoe":42,"minecraft:apple":4,"minecraft:bread":3,"minecraft:chicken":2,"minecraft:brown_wool":1,"minecraft:iron_pickaxe":137,"minecraft:gravel":22,"minecraft:lilac":49,"minecraft:pufferfish":1,"minecraft:stone_axe":107,"minecraft:cobblestone":142,"minecraft:white_banner":4,"minecraft:cooked_porkchop":28,"minecraft:andesite":5,"minecraft:oak_boat":10,"minecraft:bone_meal":8},"minecraft:broken":{"minecraft:wooden_shovel":3,"minecraft:stone_sword":2,"minecraft:stone_pickaxe":3,"minecraft:wooden_pickaxe":2,"minecraft:iron_pickaxe":1,"minecraft:stone_shovel":2},"minecraft:picked_up":{"minecraft:crafting_table":13,"minecraft:iron_chestplate":2,"minecraft:wheat":91,"minecraft:azure_bluet":2,"minecraft:ominous_bottle":14,"minecraft:chicken":17,"minecraft:lead":20,"minecraft:wooden_pickaxe":2,"minecraft:shield":2,"minecraft:cornflower":2,"minecraft:string":19,"minecraft:raw_copper":3,"minecraft:iron_axe":3,"minecraft:flint_and_steel":3,"minecraft:iron_leggings":2,"minecraft:pufferfish":1,"minecraft:beetroot":4,"minecraft:cobbled_deepslate":89,"minecraft:beef":52,"minecraft:oak_boat":14,"minecraft:calcite":5,"minecraft:iron_pickaxe":4,"minecraft:sugar_cane":175,"minecraft:chest":2,"minecraft:birch_sapling":26,"minecraft:furnace":36,"minecraft:iron_boots":2,"minecraft:egg":13,"minecraft:stick":152,"minecraft:raw_iron":78,"minecraft:cherry_stairs":2,"minecraft:oak_door":4,"minecraft:oak_fence":20,"minecraft:torch":252,"minecraft:porkchop":41,"minecraft:diorite":9,"minecraft:carrot":64,"minecraft:stone_shovel":2,"minecraft:rotten_flesh":93,"minecraft:diamond_chestplate":2,"minecraft:stone_sword":16,"minecraft:arrow":78,"minecraft:beetroot_seeds":33,"minecraft:hay_block":115,"minecraft:red_tulip":1,"minecraft:gold_ingot":83,"minecraft:mutton":29,"minecraft:white_wool":40,"minecraft:cobblestone":1232,"minecraft:oxeye_daisy":1,"minecraft:stripped_oak_log":1,"minecraft:birch_log":67,"minecraft:cooked_beef":21,"minecraft:feather":68,"minecraft:lilac":106,"minecraft:andesite":45,"minecraft:leather":205,"minecraft:brown_wool":1,"minecraft:potato":32,"minecraft:birch_planks":2,"minecraft:flint":13,"minecraft:oak_log":103,"minecraft:cobblestone_stairs":3,"minecraft:lapis_lazuli":160,"minecraft:wooden_hoe":3,"minecraft:dirt":755,"minecraft:white_banner":5,"minecraft:cooked_mutton":7,"minecraft:glass":16,"minecraft:bone":199,"minecraft:apple":7,"minecraft:bow":13,"minecraft:wheat_seeds":141,"minecraft:raw_gold":38,"minecraft:bell":1,"minecraft:stone_pickaxe":11,"minecraft:iron_ingot":84,"minecraft:cooked_chicken":2,"minecraft:diamond_helmet":3,"minecraft:oak_planks":144,"minecraft:iron_sword":7,"minecraft:smooth_basalt":4,"minecraft:cooked_porkchop":34,"minecraft:pumpkin":3,"minecraft:dandelion":2,"minecraft:gravel":58,"minecraft:sand":24,"minecraft:birch_stairs":2,"minecraft:white_bed":2,"minecraft:mossy_cobblestone":1,"minecraft:iron_hoe":3,"minecraft:diamond":3,"minecraft:stone_axe":9,"minecraft:iron_helmet":2,"minecraft:crossbow":11,"minecraft:granite":22,"minecraft:cherry_sapling":12,"minecraft:bone_meal":3,"minecraft:oak_sapling":71,"minecraft:black_wool":2,"minecraft:dark_oak_fence":1,"minecraft:coal":782,"minecraft:nether_star":3,"minecraft:sunflower":132}},"DataVersion":3955}