{"stats":{"minecraft:crafted":{"minecraft:oak_door":3,"minecraft:oak_planks":208,"minecraft:wooden_shovel":3,"minecraft:stone_shovel":1,"minecraft:arrow":4,"minecraft:cooked_porkchop":7,"minecraft:leather_boots":1,"minecraft:crafting_table":5,"minecraft:cooked_chicken":3,"minecraft:wooden_pickaxe":1,"minecraft:furnace":2,"minecraft:bone_meal":9,"minecraft:stone_axe":2,"minecraft:cooked_mutton":2,"minecraft:oak_boat":1,"minecraft:oak_fence_gate":4,"minecraft:wooden_hoe":1,"minecraft:stick":108,"minecraft:leather_chestplate":1,"minecraft:stone_pickaxe":4,"minecraft:stone_sword":3,"minecraft:white_bed":1,"minecraft:torch":44,"minecraft:oak_fence":83},"minecraft:killed_by":{"minecraft:zombie_villager":2,"minecraft:wolf":1,"minecraft:skeleton":5,"minecraft:spider":1,"minecraft:zombie":11,"minecraft:pillager":2},"minecraft:used":{"minecraft:wheat_seeds":3,"minecraft:oak_fence":100,"minecraft:cooked_mutton":2,"minecraft:diorite":9,"minecraft:stone_sword":188,"minecraft:stone_shovel":131,"minecraft:stone_pickaxe":417,"minecraft:oak_planks":2,"minecraft:wooden_pickaxe":103,"minecraft:wooden_shovel":181,"minecraft:cooked_chicken":3,"minecraft:rotten_flesh":12,"minecraft:oak_door":2,"minecraft:torch":48,"minecraft:dirt":425,"minecraft:crafting_table":7,"minecraft:crossbow":3,"minecraft:white_bed":1,"minecraft:granite":14,"minecraft:oak_fence_gate":4,"minecraft:wooden_hoe":1,"minecraft:oak_log":3,"minecraft:apple":3,"minecraft:chicken":2,"minecraft:gravel":4,"minecraft:lilac":49,"minecraft:stone_axe":79,"minecraft:cobblestone":38,"minecraft:bow":9,"minecraft:white_banner":4,"minecraft:furnace":3,"minecraft:cooked_porkchop":6,"minecraft:oak_boat":5,"minecraft:egg":5,"minecraft:bone_meal":8,"minecraft:cobbled_deepslate":11},"minecraft:broken":{"minecraft:stone_pickaxe":3,"minecraft:wooden_shovel":3,"minecraft:stone_sword":1,"minecraft:stone_shovel":1,"minecraft:wooden_pickaxe":2},"minecraft:mined":{"minecraft:crafting_table":2,"minecraft:oak_fence":17,"minecraft:torch":9,"minecraft:granite":14,"minecraft:short_grass":38,"minecraft:grass_block":238,"minecraft:oak_planks":3,"minecraft:diorite":9,"minecraft:wall_torch":5,"minecraft:seagrass":1,"minecraft:furnace":4,"minecraft:birch_log":11,"minecraft:iron_ore":3,"minecraft:wheat":3,"minecraft:lilac":54,"minecraft:andesite":8,"minecraft:birch_leaves":24,"minecraft:pumpkin":3,"minecraft:white_wall_banner":2,"minecraft:oak_log":33,"minecraft:coal_ore":101,"minecraft:dirt_path":4,"minecraft:gravel":7,"minecraft:dirt":147,"minecraft:stripped_oak_log":1,"minecraft:stone":300,"minecraft:white_wool":3,"minecraft:deepslate":11,"minecraft:oak_leaves":86},"minecraft:custom":{"minecraft:interact_with_furnace":31,"minecraft:mob_kills":75,"minecraft:animals_bred":5,"minecraft:open_barrel":2,"minecraft:interact_with_crafting_table":34,"minecraft:bell_ring":1,"minecraft:leave_game":1,"minecraft:time_since_death":16411,"minecraft:sleep_in_bed":7,"minecraft:time_since_rest":16439,"minecraft:sprint_one_cm":873772,"minecraft:damage_taken":7504,"minecraft:walk_one_cm":1035255,"minecraft:drop":5,"minecraft:damage_dealt":5980,"minecraft:swim_one_cm":25552,"minecraft:fly_one_cm":239299,"minecraft:open_chest":18,"minecraft:crouch_one_cm":4285,"minecraft:play_time":245283,"minecraft:deaths":26,"minecraft:sneak_time":771,"minecraft:walk_under_water_one_cm":11591,"minecraft:boat_one_cm":96154,"minecraft:jump":3291,"minecraft:walk_on_water_one_cm":9583,"minecraft:total_world_time":245283,"minecraft:fall_one_cm":68760},"minecraft:killed":{"minecraft:pig":3,"minecraft:spider":2,"minecraft:skeleton":8,"minecraft:trader_llama":2,"minecraft:pillager":4,"minecraft:zombie":8,"minecraft:chicken":3,"minecraft:cow":3},"minecraft:dropped":{"minecraft:stone_sword":1,"minecraft:cobblestone":50,"minecraft:coal":64},"minecraft:picked_up":{"minecraft:stripped_oak_log":1,"minecraft:birch_log":55,"minecraft:wheat":8,"minecraft:crafting_table":2,"minecraft:ominous_bottle":7,"minecraft:feather":67,"minecraft:lilac":106,"minecraft:chicken":14,"minecraft:andesite":40,"minecraft:leather":44,"minecraft:lead":20,"minecraft:flint":5,"minecraft:oak_log":47,"minecraft:wooden_hoe":3,"minecraft:string":15,"minecraft:dirt":611,"minecraft:white_banner":5,"minecraft:bone":30,"minecraft:apple":5,"minecraft:bow":6,"minecraft:wheat_seeds":65,"minecraft:cobbled_deepslate":11,"minecraft:beef":12,"minecraft:stone_pickaxe":10,"minecraft:oak_boat":6,"minecraft:birch_sapling":25,"minecraft:oak_planks":131,"minecraft:furnace":18,"minecraft:egg":11,"minecraft:raw_iron":3,"minecraft:stick":22,"minecraft:cooked_porkchop":4,"minecraft:pumpkin":3,"minecraft:oak_door":4,"minecraft:oak_fence":17,"minecraft:torch":131,"minecraft:gravel":14,"minecraft:porkchop":13,"minecraft:diorite":9,"minecraft:stone_sword":14,"minecraft:arrow":25,"minecraft:rotten_flesh":45,"minecraft:stone_axe":9,"minecraft:crossbow":6,"minecraft:granite":14,"minecraft:bone_meal":3,"minecraft:oak_sapling":62,"minecraft:mutton":4,"minecraft:coal":541,"minecraft:white_wool":8,"minecraft:cobblestone":922}},"DataVersion":3955}