{"stats":{"minecraft:picked_up":{"minecraft:crafting_table":5,"minecraft:wheat":8,"minecraft:azure_bluet":1,"minecraft:ominous_bottle":7,"minecraft:chicken":17,"minecraft:lead":20,"minecraft:string":15,"minecraft:pufferfish":1,"minecraft:cobbled_deepslate":16,"minecraft:beef":22,"minecraft:oak_boat":6,"minecraft:birch_sapling":26,"minecraft:furnace":23,"minecraft:egg":12,"minecraft:raw_iron":23,"minecraft:stick":24,"minecraft:oak_door":4,"minecraft:oak_fence":17,"minecraft:torch":131,"minecraft:porkchop":21,"minecraft:diorite":9,"minecraft:stone_sword":14,"minecraft:arrow":26,"minecraft:rotten_flesh":46,"minecraft:mutton":8,"minecraft:white_wool":11,"minecraft:cobblestone":947,"minecraft:stripped_oak_log":1,"minecraft:birch_log":67,"minecraft:feather":68,"minecraft:lilac":106,"minecraft:andesite":41,"minecraft:brown_wool":1,"minecraft:leather":52,"minecraft:flint":9,"minecraft:oak_log":57,"minecraft:wooden_hoe":3,"minecraft:dirt":655,"minecraft:white_banner":5,"minecraft:cooked_mutton":4,"minecraft:bone":30,"minecraft:apple":6,"minecraft:bow":6,"minecraft:wheat_seeds":68,"minecraft:stone_pickaxe":10,"minecraft:oak_planks":131,"minecraft:pumpkin":3,"minecraft:cooked_porkchop":5,"minecraft:gravel":51,"minecraft:sand":24,"minecraft:stone_axe":9,"minecraft:granite":14,"minecraft:crossbow":6,"minecraft:bone_meal":3,"minecraft:oak_sapling":69,"minecraft:dark_oak_fence":1,"minecraft:coal":562},"minecraft:killed":{"minecraft:spider":3,"minecraft:horse":3,"minecraft:skeleton":9,"minecraft:chicken":6,"minecraft:pig":6,"minecraft:sheep":2,"minecraft:trader_llama":2,"minecraft:pillager":9,"minecraft:zombie":9,"minecraft:cow":9},"minecraft:custom":{"minecraft:mob_kills":100,"minecraft:animals_bred":5,"minecraft:interact_with_crafting_table":45,"minecraft:open_barrel":2,"minecraft:bell_ring":1,"minecraft:leave_game":1,"minecraft:time_since_death":64314,"minecraft:climb_one_cm":56,"minecraft:sprint_one_cm":1041357,"minecraft:walk_one_cm":1163277,"minecraft:drop":20,"minecraft:play_time":293186,"minecraft:deaths":26,"minecraft:sneak_time":1013,"minecraft:walk_under_water_one_cm":14706,"minecraft:boat_one_cm":130008,"minecraft:jump":3929,"minecraft:walk_on_water_one_cm":17805,"minecraft:total_world_time":293186,"minecraft:interact_with_furnace":57,"minecraft:sleep_in_bed":7,"minecraft:time_since_rest":64342,"minecraft:damage_taken":8409,"minecraft:damage_dealt":9375,"minecraft:swim_one_cm":29685,"minecraft:fly_one_cm":300541,"minecraft:open_chest":21,"minecraft:crouch_one_cm":5840,"minecraft:fall_one_cm":80666,"minecraft:horse_one_cm":33643},"minecraft:dropped":{"minecraft:wheat_seeds":11,"minecraft:cooked_beef":5,"minecraft:lilac":1,"minecraft:cobblestone":50,"minecraft:apple":1,"minecraft:saddle":1,"minecraft:coal":64,"minecraft:dark_oak_fence":1,"minecraft:bone_meal":1,"minecraft:stone_sword":1,"minecraft:cooked_mutton":2,"minecraft:oak_sapling":4},"minecraft:mined":{"minecraft:granite":14,"minecraft:grass_block":249,"minecraft:furnace":11,"minecraft:iron_ore":18,"minecraft:andesite":9,"minecraft:pumpkin":3,"minecraft:azure_bluet":2,"minecraft:deepslate_iron_ore":6,"minecraft:dirt_path":6,"minecraft:stripped_oak_log":1,"minecraft:stone":314,"minecraft:white_wool":4,"minecraft:oak_fence":17,"minecraft:crafting_table":5,"minecraft:torch":9,"minecraft:short_grass":72,"minecraft:cobblestone":1,"minecraft:tall_grass":1,"minecraft:oak_planks":3,"minecraft:diorite":9,"minecraft:wall_torch":5,"minecraft:seagrass":1,"minecraft:birch_log":23,"minecraft:wheat":3,"minecraft:lilac":54,"minecraft:birch_leaves":27,"minecraft:white_wall_banner":2,"minecraft:oak_log":43,"minecraft:coal_ore":106,"minecraft:gravel":43,"minecraft:sand":26,"minecraft:dirt":181,"minecraft:oak_leaves":140,"minecraft:deepslate":16},"minecraft:crafted":{"minecraft:oak_door":3,"minecraft:oak_planks":208,"minecraft:stone_shovel":3,"minecraft:leather_boots":1,"minecraft:cooked_chicken":6,"minecraft:furnace":2,"minecraft:bone_meal":9,"minecraft:cooked_mutton":3,"minecraft:iron_boots":1,"minecraft:stone_pickaxe":4,"minecraft:oak_fence":83,"minecraft:cooked_beef":10,"minecraft:wooden_shovel":3,"minecraft:arrow":4,"minecraft:cooked_porkchop":15,"minecraft:crafting_table":6,"minecraft:wooden_pickaxe":1,"minecraft:birch_planks":22,"minecraft:stone_axe":2,"minecraft:air":0,"minecraft:oak_fence_gate":4,"minecraft:oak_boat":1,"minecraft:wooden_hoe":1,"minecraft:shield":1,"minecraft:stick":120,"minecraft:iron_ingot":8,"minecraft:leather_chestplate":1,"minecraft:stone_sword":4,"minecraft:white_bed":1,"minecraft:torch":78},"minecraft:used":{"minecraft:oak_fence":100,"minecraft:stone_sword":344,"minecraft:stone_shovel":224,"minecraft:wooden_shovel":181,"minecraft:cooked_chicken":4,"minecraft:rotten_flesh":20,"minecraft:oak_door":2,"minecraft:torch":82,"minecraft:dirt":465,"minecraft:mutton":1,"minecraft:granite":14,"minecraft:oak_fence_gate":4,"minecraft:bow":9,"minecraft:ominous_bottle":1,"minecraft:furnace":10,"minecraft:egg":6,"minecraft:cooked_beef":4,"minecraft:cobbled_deepslate":11,"minecraft:wheat_seeds":3,"minecraft:cooked_mutton":5,"minecraft:diorite":9,"minecraft:stone_pickaxe":475,"minecraft:oak_planks":2,"minecraft:wooden_pickaxe":103,"minecraft:crafting_table":10,"minecraft:crossbow":4,"minecraft:white_bed":1,"minecraft:oak_log":3,"minecraft:wooden_hoe":42,"minecraft:apple":3,"minecraft:chicken":2,"minecraft:gravel":17,"minecraft:lilac":49,"minecraft:pufferfish":1,"minecraft:stone_axe":106,"minecraft:cobblestone":38,"minecraft:white_banner":4,"minecraft:cooked_porkchop":10,"minecraft:andesite":1,"minecraft:oak_boat":5,"minecraft:bone_meal":8},"minecraft:killed_by":{"minecraft:zombie_villager":2,"minecraft:wolf":1,"minecraft:spider":1,"minecraft:pillager":2,"minecraft:skeleton":5,"minecraft:zombie":11},"minecraft:broken":{"minecraft:wooden_shovel":3,"minecraft:stone_sword":2,"minecraft:wooden_pickaxe":2,"minecraft:stone_pickaxe":3,"minecraft:stone_shovel":1}},"DataVersion":3955}