{"stats":{"minecraft:killed_by":{"minecraft:zombie_villager":2,"minecraft:creeper":1,"minecraft:pillager":2,"minecraft:zombie":13,"minecraft:wolf":1,"minecraft:spider":2,"minecraft:skeleton":5},"minecraft:mined":{"minecraft:white_bed":5,"minecraft:cobblestone_stairs":3,"minecraft:granite":22,"minecraft:grass_block":268,"minecraft:composter":1,"minecraft:oxeye_daisy":1,"minecraft:cobbled_deepslate":56,"minecraft:iron_ore":23,"minecraft:pumpkin":3,"minecraft:azure_bluet":2,"minecraft:dirt_path":6,"minecraft:water_cauldron":3,"minecraft:powder_snow":2,"minecraft:torch":9,"minecraft:calcite":5,"minecraft:chest":3,"minecraft:cobblestone":45,"minecraft:oak_planks":4,"minecraft:wall_torch":6,"minecraft:amethyst_block":1,"minecraft:seagrass":3,"minecraft:birch_log":23,"minecraft:wheat":39,"minecraft:lilac":54,"minecraft:oak_log":60,"minecraft:beetroots":10,"minecraft:sand":26,"minecraft:dirt":246,"minecraft:smooth_basalt":3,"minecraft:red_mushroom_block":1,"minecraft:deepslate":35,"minecraft:oak_leaves":164,"minecraft:tuff":2,"minecraft:mossy_cobblestone":3,"minecraft:hay_block":70,"minecraft:furnace":16,"minecraft:carrots":33,"minecraft:andesite":13,"minecraft:bell":1,"minecraft:potatoes":16,"minecraft:deepslate_iron_ore":20,"minecraft:stripped_oak_log":1,"minecraft:stone":418,"minecraft:white_wool":4,"minecraft:dandelion":3,"minecraft:oak_fence":20,"minecraft:crafting_table":9,"minecraft:short_grass":117,"minecraft:tall_grass":3,"minecraft:copper_ore":1,"minecraft:deepslate_gold_ore":20,"minecraft:diorite":9,"minecraft:birch_planks":2,"minecraft:birch_leaves":28,"minecraft:white_wall_banner":2,"minecraft:yellow_bed":7,"minecraft:coal_ore":109,"minecraft:cherry_leaves":27,"minecraft:sunflower":2,"minecraft:gravel":52},"minecraft:crafted":{"minecraft:oak_planks":258,"minecraft:cooked_chicken":6,"minecraft:cooked_mutton":3,"minecraft:iron_boots":1,"minecraft:chest":1,"minecraft:oak_fence":83,"minecraft:wooden_shovel":3,"minecraft:arrow":4,"minecraft:cooked_porkchop":20,"minecraft:crafting_table":8,"minecraft:wooden_pickaxe":3,"minecraft:iron_helmet":1,"minecraft:birch_planks":22,"minecraft:iron_chestplate":1,"minecraft:wooden_hoe":1,"minecraft:shield":1,"minecraft:stick":148,"minecraft:iron_ingot":8,"minecraft:leather_chestplate":1,"minecraft:iron_pickaxe":1,"minecraft:stone_sword":4,"minecraft:oak_door":3,"minecraft:stone_shovel":3,"minecraft:leather_boots":1,"minecraft:furnace":3,"minecraft:bone_meal":9,"minecraft:iron_axe":1,"minecraft:iron_hoe":1,"minecraft:stone_pickaxe":5,"minecraft:wheat":572,"minecraft:cooked_beef":10,"minecraft:stone_axe":2,"minecraft:bread":115,"minecraft:air":0,"minecraft:oak_fence_gate":4,"minecraft:oak_boat":1,"minecraft:wooden_axe":1,"minecraft:iron_leggings":1,"minecraft:white_bed":1,"minecraft:torch":146},"minecraft:custom":{"minecraft:animals_bred":5,"minecraft:interact_with_crafting_table":64,"minecraft:open_barrel":2,"minecraft:bell_ring":16,"minecraft:leave_game":3,"minecraft:time_since_death":52117,"minecraft:sprint_one_cm":1757134,"minecraft:damage_blocked_by_shield":469,"minecraft:drop":251,"minecraft:play_time":498883,"minecraft:deaths":32,"minecraft:jump":6658,"minecraft:walk_on_water_one_cm":90190,"minecraft:interact_with_furnace":95,"minecraft:sleep_in_bed":9,"minecraft:damage_dealt":12283,"minecraft:crouch_one_cm":6141,"minecraft:horse_one_cm":33643,"minecraft:interact_with_anvil":1,"minecraft:mob_kills":120,"minecraft:climb_one_cm":56,"minecraft:walk_one_cm":1575937,"minecraft:sneak_time":1939,"minecraft:walk_under_water_one_cm":62856,"minecraft:boat_one_cm":427477,"minecraft:total_world_time":498883,"minecraft:time_since_rest":9632,"minecraft:damage_taken":12269,"minecraft:swim_one_cm":142612,"minecraft:fly_one_cm":544257,"minecraft:open_chest":31,"minecraft:fall_one_cm":142857},"minecraft:killed":{"minecraft:spider":4,"minecraft:skeleton":9,"minecraft:chicken":6,"minecraft:pig":12,"minecraft:sheep":6,"minecraft:trader_llama":2,"minecraft:pillager":9,"minecraft:zombie":13,"minecraft:cow":13,"minecraft:horse":3,"minecraft:drowned":1},"minecraft:dropped":{"minecraft:iron_sword":4,"minecraft:cooked_beef":5,"minecraft:oak_log":10,"minecraft:cooked_porkchop":6,"minecraft:crossbow":2,"minecraft:saddle":1,"minecraft:cobblestone_stairs":3,"minecraft:flint":4,"minecraft:dirt":70,"minecraft:dark_oak_fence":1,"minecraft:cornflower":2,"minecraft:mutton":4,"minecraft:bone_meal":1,"minecraft:sunflower":4,"minecraft:sand":24,"minecraft:iron_pickaxe":1,"minecraft:birch_log":6,"minecraft:white_wool":15,"minecraft:gravel":26,"minecraft:stone_axe":1,"minecraft:sugar_cane":35,"minecraft:cobbled_deepslate":66,"minecraft:wheat":315,"minecraft:beetroot":3,"minecraft:rotten_flesh":44,"minecraft:oak_planks":20,"minecraft:cooked_mutton":2,"minecraft:azure_bluet":2,"minecraft:white_bed":2,"minecraft:carrot":39,"minecraft:beetroot_seeds":11,"minecraft:iron_ingot":10,"minecraft:wheat_seeds":81,"minecraft:lilac":1,"minecraft:oak_fence":3,"minecraft:feather":12,"minecraft:cobblestone":115,"minecraft:apple":1,"minecraft:coal":77,"minecraft:torch":14,"minecraft:wooden_hoe":1,"minecraft:diamond_helmet":1,"minecraft:string":4,"minecraft:smooth_basalt":1,"minecraft:furnace":3,"minecraft:stone_sword":4,"minecraft:raw_copper":3,"minecraft:stone_shovel":3,"minecraft:iron_hoe":2,"minecraft:potato":1,"minecraft:hay_block":1,"minecraft:yellow_bed":2,"minecraft:oak_boat":1,"minecraft:oak_sapling":5,"minecraft:bow":2,"minecraft:stone_pickaxe":3,"minecraft:wooden_pickaxe":4,"minecraft:red_tulip":1},"minecraft:used":{"minecraft:chest":3,"minecraft:shield":13,"minecraft:iron_sword":132,"minecraft:bell":1,"minecraft:rotten_flesh":24,"minecraft:iron_chestplate":1,"minecraft:mutton":2,"minecraft:carrot":25,"minecraft:iron_helmet":1,"minecraft:bow":11,"minecraft:hay_block":1,"minecraft:ominous_bottle":1,"minecraft:furnace":18,"minecraft:oak_sapling":1,"minecraft:egg":6,"minecraft:potato":24,"minecraft:diorite":9,"minecraft:stone_pickaxe":599,"minecraft:oak_planks":2,"minecraft:wooden_pickaxe":150,"minecraft:white_wool":6,"minecraft:crossbow":6,"minecraft:bread":8,"minecraft:brown_wool":1,"minecraft:gravel":22,"minecraft:lilac":49,"minecraft:pufferfish":1,"minecraft:andesite":5,"minecraft:oak_boat":10,"minecraft:bone_meal":8,"minecraft:oak_fence":100,"minecraft:stone_sword":344,"minecraft:stone_shovel":263,"minecraft:wooden_shovel":181,"minecraft:cooked_chicken":4,"minecraft:oak_door":2,"minecraft:torch":100,"minecraft:dirt":486,"minecraft:diamond_helmet":2,"minecraft:granite":22,"minecraft:oak_fence_gate":4,"minecraft:iron_hoe":96,"minecraft:wooden_axe":2,"minecraft:iron_axe":38,"minecraft:smooth_basalt":2,"minecraft:diamond_chestplate":1,"minecraft:cooked_beef":10,"minecraft:cobbled_deepslate":21,"minecraft:iron_leggings":1,"minecraft:calcite":5,"minecraft:wheat_seeds":3,"minecraft:cooked_mutton":8,"minecraft:birch_planks":1,"minecraft:cauldron":3,"minecraft:mossy_cobblestone":1,"minecraft:crafting_table":17,"minecraft:white_bed":4,"minecraft:oak_log":3,"minecraft:wooden_hoe":42,"minecraft:apple":4,"minecraft:chicken":2,"minecraft:iron_pickaxe":153,"minecraft:stone_axe":107,"minecraft:cobblestone":183,"minecraft:white_banner":4,"minecraft:cooked_porkchop":28,"minecraft:yellow_bed":6},"minecraft:broken":{"minecraft:wooden_shovel":3,"minecraft:stone_pickaxe":3,"minecraft:stone_shovel":2,"minecraft:stone_sword":2,"minecraft:wooden_pickaxe":2,"minecraft:iron_pickaxe":1},"minecraft:picked_up":{"minecraft:iron_chestplate":2,"minecraft:wheat":91,"minecraft:lead":20,"minecraft:string":19,"minecraft:raw_copper":3,"minecraft:iron_leggings":2,"minecraft:pufferfish":1,"minecraft:beetroot":4,"minecraft:cobbled_deepslate":89,"minecraft:calcite":5,"minecraft:iron_pickaxe":4,"minecraft:iron_boots":2,"minecraft:furnace":36,"minecraft:stick":152,"minecraft:oak_fence":20,"minecraft:torch":252,"minecraft:porkchop":41,"minecraft:diorite":9,"minecraft:cauldron":3,"minecraft:stone_sword":16,"minecraft:rotten_flesh":93,"minecraft:red_tulip":1,"minecraft:cobblestone":1236,"minecraft:birch_log":67,"minecraft:lilac":106,"minecraft:feather":68,"minecraft:cooked_beef":21,"minecraft:andesite":45,"minecraft:brown_wool":1,"minecraft:potato":32,"minecraft:flint":13,"minecraft:lapis_lazuli":160,"minecraft:dirt":755,"minecraft:glass":16,"minecraft:bone":199,"minecraft:bow":13,"minecraft:wheat_seeds":141,"minecraft:raw_gold":38,"minecraft:bell":1,"minecraft:diamond_helmet":3,"minecraft:oak_planks":145,"minecraft:cooked_porkchop":34,"minecraft:sand":24,"minecraft:mossy_cobblestone":1,"minecraft:iron_hoe":3,"minecraft:diamond":3,"minecraft:crossbow":11,"minecraft:granite":22,"minecraft:bone_meal":3,"minecraft:oak_sapling":72,"minecraft:dark_oak_fence":1,"minecraft:nether_star":3,"minecraft:crafting_table":13,"minecraft:azure_bluet":2,"minecraft:ominous_bottle":14,"minecraft:chicken":17,"minecraft:wooden_pickaxe":2,"minecraft:shield":2,"minecraft:cornflower":2,"minecraft:iron_axe":3,"minecraft:flint_and_steel":3,"minecraft:beef":52,"minecraft:oak_boat":14,"minecraft:sugar_cane":175,"minecraft:chest":2,"minecraft:birch_sapling":26,"minecraft:egg":13,"minecraft:raw_iron":78,"minecraft:cherry_stairs":2,"minecraft:oak_door":4,"minecraft:carrot":64,"minecraft:arrow":78,"minecraft:diamond_chestplate":2,"minecraft:stone_shovel":2,"minecraft:beetroot_seeds":33,"minecraft:hay_block":115,"minecraft:gold_ingot":83,"minecraft:mutton":29,"minecraft:white_wool":40,"minecraft:oxeye_daisy":1,"minecraft:stripped_oak_log":1,"minecraft:leather":205,"minecraft:birch_planks":3,"minecraft:oak_log":103,"minecraft:yellow_bed":9,"minecraft:cobblestone_stairs":3,"minecraft:wooden_hoe":3,"minecraft:white_banner":5,"minecraft:cooked_mutton":7,"minecraft:apple":7,"minecraft:iron_ingot":92,"minecraft:stone_pickaxe":11,"minecraft:cooked_chicken":2,"minecraft:iron_sword":8,"minecraft:pumpkin":3,"minecraft:smooth_basalt":4,"minecraft:dandelion":3,"minecraft:gravel":58,"minecraft:birch_stairs":2,"minecraft:white_bed":7,"minecraft:stone_axe":9,"minecraft:iron_helmet":2,"minecraft:cherry_sapling":12,"minecraft:black_wool":2,"minecraft:coal":782,"minecraft:sunflower":132}},"DataVersion":3955}