{"stats":{"minecraft:picked_up":{"minecraft:crafting_table":7,"minecraft:wheat":8,"minecraft:azure_bluet":2,"minecraft:ominous_bottle":7,"minecraft:chicken":17,"minecraft:lead":20,"minecraft:cornflower":2,"minecraft:string":15,"minecraft:pufferfish":1,"minecraft:cobbled_deepslate":28,"minecraft:beef":32,"minecraft:oak_boat":6,"minecraft:sugar_cane":70,"minecraft:chest":2,"minecraft:birch_sapling":26,"minecraft:furnace":23,"minecraft:egg":13,"minecraft:raw_iron":24,"minecraft:stick":36,"minecraft:cherry_stairs":2,"minecraft:oak_door":4,"minecraft:oak_fence":17,"minecraft:torch":133,"minecraft:porkchop":24,"minecraft:diorite":9,"minecraft:stone_sword":14,"minecraft:arrow":30,"minecraft:rotten_flesh":53,"minecraft:mutton":13,"minecraft:oxeye_daisy":1,"minecraft:white_wool":29,"minecraft:cobblestone":947,"minecraft:stripped_oak_log":1,"minecraft:birch_log":67,"minecraft:feather":68,"minecraft:lilac":106,"minecraft:andesite":41,"minecraft:brown_wool":1,"minecraft:leather":57,"minecraft:birch_planks":2,"minecraft:flint":9,"minecraft:oak_log":59,"minecraft:lapis_lazuli":40,"minecraft:wooden_hoe":3,"minecraft:dirt":673,"minecraft:white_banner":5,"minecraft:cooked_mutton":4,"minecraft:glass":16,"minecraft:bone":31,"minecraft:apple":6,"minecraft:bow":6,"minecraft:wheat_seeds":71,"minecraft:raw_gold":19,"minecraft:iron_ingot":6,"minecraft:stone_pickaxe":10,"minecraft:iron_sword":1,"minecraft:oak_planks":131,"minecraft:pumpkin":3,"minecraft:cooked_porkchop":5,"minecraft:dandelion":2,"minecraft:birch_stairs":2,"minecraft:gravel":51,"minecraft:sand":24,"minecraft:white_bed":1,"minecraft:diamond":1,"minecraft:stone_axe":9,"minecraft:granite":14,"minecraft:crossbow":7,"minecraft:cherry_sapling":3,"minecraft:bone_meal":3,"minecraft:black_wool":2,"minecraft:oak_sapling":70,"minecraft:dark_oak_fence":1,"minecraft:coal":568,"minecraft:sunflower":4},"minecraft:killed":{"minecraft:spider":3,"minecraft:horse":3,"minecraft:skeleton":9,"minecraft:chicken":6,"minecraft:pig":7,"minecraft:sheep":6,"minecraft:trader_llama":2,"minecraft:pillager":9,"minecraft:zombie":11,"minecraft:cow":13},"minecraft:custom":{"minecraft:interact_with_anvil":1,"minecraft:mob_kills":111,"minecraft:animals_bred":5,"minecraft:interact_with_crafting_table":49,"minecraft:open_barrel":2,"minecraft:bell_ring":1,"minecraft:leave_game":2,"minecraft:time_since_death":24967,"minecraft:climb_one_cm":56,"minecraft:sprint_one_cm":1176647,"minecraft:walk_one_cm":1260217,"minecraft:drop":68,"minecraft:play_time":322707,"minecraft:deaths":27,"minecraft:sneak_time":1081,"minecraft:walk_under_water_one_cm":15952,"minecraft:boat_one_cm":130008,"minecraft:jump":4374,"minecraft:walk_on_water_one_cm":21429,"minecraft:total_world_time":322707,"minecraft:interact_with_furnace":60,"minecraft:sleep_in_bed":8,"minecraft:time_since_rest":14440,"minecraft:damage_taken":9111,"minecraft:damage_dealt":10561,"minecraft:swim_one_cm":29685,"minecraft:fly_one_cm":344605,"minecraft:open_chest":25,"minecraft:crouch_one_cm":5889,"minecraft:fall_one_cm":93328,"minecraft:horse_one_cm":33643},"minecraft:dropped":{"minecraft:wheat_seeds":11,"minecraft:cooked_beef":5,"minecraft:lilac":1,"minecraft:cobblestone":50,"minecraft:apple":1,"minecraft:saddle":1,"minecraft:coal":64,"minecraft:dirt":7,"minecraft:dark_oak_fence":1,"minecraft:cornflower":2,"minecraft:sunflower":4,"minecraft:bone_meal":1,"minecraft:white_wool":1,"minecraft:sugar_cane":35,"minecraft:stone_sword":1,"minecraft:wheat":1,"minecraft:rotten_flesh":3,"minecraft:cooked_mutton":2,"minecraft:azure_bluet":1,"minecraft:oak_sapling":4},"minecraft:mined":{"minecraft:tuff":2,"minecraft:white_bed":1,"minecraft:granite":14,"minecraft:grass_block":260,"minecraft:furnace":11,"minecraft:cobbled_deepslate":7,"minecraft:iron_ore":18,"minecraft:andesite":9,"minecraft:pumpkin":3,"minecraft:azure_bluet":2,"minecraft:deepslate_iron_ore":7,"minecraft:dirt_path":6,"minecraft:stripped_oak_log":1,"minecraft:stone":314,"minecraft:white_wool":4,"minecraft:dandelion":2,"minecraft:oak_fence":17,"minecraft:crafting_table":7,"minecraft:torch":9,"minecraft:short_grass":97,"minecraft:chest":2,"minecraft:cobblestone":1,"minecraft:tall_grass":1,"minecraft:deepslate_gold_ore":20,"minecraft:oak_planks":3,"minecraft:diorite":9,"minecraft:wall_torch":6,"minecraft:seagrass":1,"minecraft:birch_log":23,"minecraft:wheat":3,"minecraft:lilac":54,"minecraft:birch_leaves":27,"minecraft:white_wall_banner":2,"minecraft:oak_log":45,"minecraft:coal_ore":106,"minecraft:cherry_leaves":27,"minecraft:sunflower":2,"minecraft:gravel":43,"minecraft:sand":26,"minecraft:dirt":182,"minecraft:oak_leaves":145,"minecraft:deepslate":25},"minecraft:crafted":{"minecraft:oak_door":3,"minecraft:oak_planks":216,"minecraft:stone_shovel":3,"minecraft:leather_boots":1,"minecraft:cooked_chicken":6,"minecraft:furnace":2,"minecraft:bone_meal":9,"minecraft:cooked_mutton":3,"minecraft:iron_boots":1,"minecraft:iron_axe":1,"minecraft:stone_pickaxe":4,"minecraft:oak_fence":83,"minecraft:cooked_beef":10,"minecraft:wooden_shovel":3,"minecraft:arrow":4,"minecraft:cooked_porkchop":15,"minecraft:crafting_table":7,"minecraft:wooden_pickaxe":1,"minecraft:iron_helmet":1,"minecraft:birch_planks":22,"minecraft:stone_axe":2,"minecraft:air":0,"minecraft:oak_fence_gate":4,"minecraft:oak_boat":1,"minecraft:iron_chestplate":1,"minecraft:wooden_hoe":1,"minecraft:shield":1,"minecraft:stick":140,"minecraft:iron_ingot":8,"minecraft:leather_chestplate":1,"minecraft:iron_pickaxe":1,"minecraft:stone_sword":4,"minecraft:iron_leggings":1,"minecraft:white_bed":1,"minecraft:torch":146},"minecraft:used":{"minecraft:oak_fence":100,"minecraft:stone_sword":344,"minecraft:stone_shovel":233,"minecraft:chest":2,"minecraft:iron_sword":67,"minecraft:wooden_shovel":181,"minecraft:cooked_chicken":4,"minecraft:rotten_flesh":24,"minecraft:oak_door":2,"minecraft:torch":87,"minecraft:dirt":474,"minecraft:mutton":2,"minecraft:granite":14,"minecraft:oak_fence_gate":4,"minecraft:iron_axe":1,"minecraft:bow":9,"minecraft:ominous_bottle":1,"minecraft:furnace":10,"minecraft:egg":6,"minecraft:cooked_beef":9,"minecraft:cobbled_deepslate":11,"minecraft:wheat_seeds":3,"minecraft:cooked_mutton":5,"minecraft:diorite":9,"minecraft:stone_pickaxe":492,"minecraft:oak_planks":2,"minecraft:wooden_pickaxe":103,"minecraft:white_wool":6,"minecraft:crafting_table":11,"minecraft:crossbow":4,"minecraft:white_bed":1,"minecraft:oak_log":3,"minecraft:wooden_hoe":42,"minecraft:apple":3,"minecraft:chicken":2,"minecraft:brown_wool":1,"minecraft:iron_pickaxe":26,"minecraft:gravel":17,"minecraft:lilac":49,"minecraft:pufferfish":1,"minecraft:stone_axe":107,"minecraft:cobblestone":38,"minecraft:white_banner":4,"minecraft:cooked_porkchop":10,"minecraft:andesite":1,"minecraft:oak_boat":5,"minecraft:bone_meal":8},"minecraft:killed_by":{"minecraft:zombie_villager":2,"minecraft:wolf":1,"minecraft:spider":1,"minecraft:pillager":2,"minecraft:skeleton":5,"minecraft:zombie":11},"minecraft:broken":{"minecraft:wooden_shovel":3,"minecraft:stone_sword":2,"minecraft:wooden_pickaxe":2,"minecraft:stone_pickaxe":3,"minecraft:stone_shovel":1}},"DataVersion":3955}