{"stats":{"minecraft:broken":{"minecraft:wooden_shovel":1,"minecraft:wooden_pickaxe":2,"minecraft:stone_pickaxe":3,"minecraft:stone_axe":1,"minecraft:stone_shovel":1},"minecraft:picked_up":{"minecraft:iron_chestplate":2,"minecraft:crafting_table":4,"minecraft:wheat":3,"minecraft:azure_bluet":2,"minecraft:ominous_bottle":1,"minecraft:chicken":15,"minecraft:shield":1,"minecraft:cornflower":1,"minecraft:string":25,"minecraft:raw_copper":6,"minecraft:flint_and_steel":1,"minecraft:iron_leggings":2,"minecraft:cobbled_deepslate":115,"minecraft:detector_rail":12,"minecraft:music_disc_otherside":2,"minecraft:beef":9,"minecraft:poppy":7,"minecraft:iron_pickaxe":2,"minecraft:sugar_cane":33,"minecraft:chest":1,"minecraft:iron_boots":3,"minecraft:egg":6,"minecraft:stick":16,"minecraft:raw_iron":80,"minecraft:oak_door":2,"minecraft:torch":11,"minecraft:porkchop":5,"minecraft:mace":1,"minecraft:cherry_log":101,"minecraft:pointed_dripstone":2,"minecraft:diorite":8,"minecraft:rotten_flesh":49,"minecraft:arrow":11,"minecraft:hay_block":14,"minecraft:gold_ingot":31,"minecraft:mutton":8,"minecraft:white_wool":4,"minecraft:rail":28,"minecraft:cobblestone":605,"minecraft:oxeye_daisy":4,"minecraft:pink_petals":116,"minecraft:feather":19,"minecraft:cooked_beef":6,"minecraft:cherry_planks":15,"minecraft:water_bucket":3,"minecraft:andesite":42,"minecraft:leather":51,"minecraft:oak_log":25,"minecraft:gunpowder":1,"minecraft:lapis_lazuli":32,"minecraft:dirt":365,"minecraft:white_banner":2,"minecraft:name_tag":2,"minecraft:cooked_mutton":4,"minecraft:bone":72,"minecraft:apple":1,"minecraft:wheat_seeds":67,"minecraft:raw_gold":6,"minecraft:iron_ingot":29,"minecraft:iron_sword":3,"minecraft:oak_planks":64,"minecraft:sculk_catalyst":4,"minecraft:dandelion":4,"minecraft:gravel":2,"minecraft:dripstone_block":16,"minecraft:lava_bucket":3,"minecraft:white_bed":14,"minecraft:spider_eye":11,"minecraft:diamond":2,"minecraft:stone_axe":1,"minecraft:iron_helmet":3,"minecraft:granite":7,"minecraft:cherry_sapling":5,"minecraft:oak_button":3,"minecraft:oak_sapling":4,"minecraft:coal":42,"minecraft:nether_star":2,"minecraft:sunflower":87},"minecraft:custom":{"minecraft:mob_kills":55,"minecraft:interact_with_anvil":1,"minecraft:interact_with_crafting_table":44,"minecraft:bell_ring":13,"minecraft:leave_game":9,"minecraft:time_since_death":127468,"minecraft:sprint_one_cm":317852,"minecraft:walk_one_cm":520011,"minecraft:damage_blocked_by_shield":1958,"minecraft:drop":20,"minecraft:talked_to_villager":2,"minecraft:play_time":254553,"minecraft:deaths":4,"minecraft:sneak_time":8856,"minecraft:walk_under_water_one_cm":11674,"minecraft:jump":3613,"minecraft:walk_on_water_one_cm":18005,"minecraft:total_world_time":254553,"minecraft:interact_with_furnace":56,"minecraft:sleep_in_bed":19,"minecraft:time_since_rest":28368,"minecraft:damage_taken":3062,"minecraft:damage_dealt":6794,"minecraft:player_kills":3,"minecraft:swim_one_cm":14676,"minecraft:fly_one_cm":467765,"minecraft:open_chest":78,"minecraft:crouch_one_cm":23690,"minecraft:fall_one_cm":96261},"minecraft:crafted":{"minecraft:cherry_planks":100,"minecraft:wooden_sword":1,"minecraft:oak_planks":116,"minecraft:stone_shovel":2,"minecraft:cooked_chicken":14,"minecraft:furnace":2,"minecraft:bow":1,"minecraft:iron_boots":1,"minecraft:cherry_stairs":16,"minecraft:stone_pickaxe":7,"minecraft:chest":1,"minecraft:wheat":117,"minecraft:cooked_beef":9,"minecraft:wooden_shovel":1,"minecraft:crafting_table":4,"minecraft:wooden_pickaxe":1,"minecraft:iron_helmet":1,"minecraft:iron_sword":1,"minecraft:stone_axe":3,"minecraft:bread":39,"minecraft:air":0,"minecraft:iron_chestplate":1,"minecraft:shield":2,"minecraft:stick":56,"minecraft:iron_ingot":46,"minecraft:iron_pickaxe":1,"minecraft:wooden_axe":1,"minecraft:stone_sword":1,"minecraft:iron_leggings":1,"minecraft:torch":32},"minecraft:mined":{"minecraft:white_bed":8,"minecraft:cherry_log":105,"minecraft:granite":11,"minecraft:grass_block":311,"minecraft:oxeye_daisy":3,"minecraft:hay_block":15,"minecraft:iron_ore":43,"minecraft:cobbled_deepslate":22,"minecraft:andesite":30,"minecraft:azure_bluet":1,"minecraft:deepslate_iron_ore":15,"minecraft:vine":1,"minecraft:stone":487,"minecraft:cherry_planks":15,"minecraft:dandelion":3,"minecraft:crafting_table":4,"minecraft:short_grass":196,"minecraft:poppy":1,"minecraft:chest":1,"minecraft:tall_grass":53,"minecraft:cobblestone":18,"minecraft:deepslate_gold_ore":1,"minecraft:oak_planks":25,"minecraft:diorite":4,"minecraft:wall_torch":7,"minecraft:deepslate_copper_ore":1,"minecraft:pink_petals":22,"minecraft:white_wall_banner":1,"minecraft:oak_log":23,"minecraft:coal_ore":15,"minecraft:cherry_leaves":4,"minecraft:sunflower":81,"minecraft:dripstone_block":1,"minecraft:dirt":53,"minecraft:gold_ore":5,"minecraft:oak_leaves":4,"minecraft:deepslate":76},"minecraft:used":{"minecraft:stone_sword":398,"minecraft:stone_shovel":240,"minecraft:poppy":1,"minecraft:chest":2,"minecraft:shield":61,"minecraft:iron_sword":4,"minecraft:wooden_shovel":62,"minecraft:cooked_chicken":10,"minecraft:rotten_flesh":11,"minecraft:iron_chestplate":1,"minecraft:torch":25,"minecraft:dirt":327,"minecraft:mutton":8,"minecraft:granite":8,"minecraft:wooden_axe":36,"minecraft:lava_bucket":1,"minecraft:grass_block":1,"minecraft:iron_helmet":1,"minecraft:iron_boots":1,"minecraft:light_gray_wool":1,"minecraft:bow":11,"minecraft:goat_horn":5,"minecraft:furnace":2,"minecraft:oak_sapling":4,"minecraft:egg":1,"minecraft:cooked_beef":6,"minecraft:cobbled_deepslate":76,"minecraft:cherry_log":63,"minecraft:iron_leggings":2,"minecraft:cooked_mutton":4,"minecraft:diorite":4,"minecraft:stone_pickaxe":555,"minecraft:oak_planks":19,"minecraft:wooden_pickaxe":105,"minecraft:cherry_planks":15,"minecraft:white_wool":4,"minecraft:crafting_table":7,"minecraft:white_bed":10,"minecraft:dripstone_block":10,"minecraft:mace":4,"minecraft:bread":5,"minecraft:sunflower":22,"minecraft:chicken":1,"minecraft:iron_pickaxe":81,"minecraft:gravel":1,"minecraft:stone_axe":151,"minecraft:wooden_sword":39,"minecraft:cherry_stairs":12,"minecraft:cobblestone":243,"minecraft:porkchop":5,"minecraft:bucket":1,"minecraft:andesite":18},"minecraft:killed_by":{"minecraft:player":1,"minecraft:creeper":1,"minecraft:zombie":1},"minecraft:killed":{"minecraft:spider":2,"minecraft:skeleton":7,"minecraft:chicken":15,"minecraft:pig":3,"minecraft:creeper":1,"minecraft:sheep":3,"minecraft:pillager":4,"minecraft:zombie":11,"minecraft:cow":5},"minecraft:dropped":{"minecraft:bread":18,"minecraft:iron_sword":1,"minecraft:wheat_seeds":8,"minecraft:crafting_table":1,"minecraft:iron_helmet":1,"minecraft:leather":22,"minecraft:dirt":1,"minecraft:mace":1,"minecraft:iron_leggings":2,"minecraft:white_banner":1,"minecraft:string":1,"minecraft:pink_petals":58,"minecraft:cobbled_deepslate":11,"minecraft:pointed_dripstone":2,"minecraft:cherry_sapling":2,"minecraft:iron_boots":1,"minecraft:white_bed":1,"minecraft:andesite":8,"minecraft:spider_eye":3}},"DataVersion":3955}