{"stats":{"minecraft:killed_by":{"minecraft:pillager":1,"minecraft:warden":2,"minecraft:skeleton":2,"minecraft:zombie":5},"minecraft:mined":{"minecraft:white_bed":1,"minecraft:oak_sapling":4,"minecraft:farmland":1,"minecraft:deepslate_diamond_ore":15,"minecraft:candle":3,"minecraft:dark_oak_fence":3,"minecraft:granite":6,"minecraft:grass_block":104,"minecraft:spawner":1,"minecraft:sculk_catalyst":1,"minecraft:furnace":6,"minecraft:iron_ore":15,"minecraft:cobbled_deepslate":1,"minecraft:andesite":8,"minecraft:pumpkin":2,"minecraft:chiseled_deepslate":1,"minecraft:sculk_shrieker":1,"minecraft:dirt_path":3,"minecraft:deepslate_iron_ore":9,"minecraft:oak_stairs":18,"minecraft:stripped_oak_log":1,"minecraft:stone":549,"minecraft:white_wool":6,"minecraft:soul_lantern":2,"minecraft:crafting_table":7,"minecraft:short_grass":32,"minecraft:chest":13,"minecraft:sculk_sensor":6,"minecraft:cobblestone":8,"minecraft:tall_grass":10,"minecraft:oak_planks":28,"minecraft:sculk":1,"minecraft:diorite":4,"minecraft:wall_torch":3,"minecraft:birch_log":1,"minecraft:birch_leaves":12,"minecraft:coal_ore":39,"minecraft:oak_log":297,"minecraft:sunflower":9,"minecraft:gravel":64,"minecraft:sand":22,"minecraft:dirt":108,"minecraft:cobweb":42,"minecraft:oak_leaves":193,"minecraft:deepslate":60},"minecraft:crafted":{"minecraft:oak_door":6,"minecraft:oak_planks":820,"minecraft:stone_shovel":1,"minecraft:fishing_rod":1,"minecraft:cooked_chicken":2,"minecraft:furnace":5,"minecraft:stone":291,"minecraft:bone_meal":9,"minecraft:cooked_mutton":14,"minecraft:diamond_helmet":1,"minecraft:bow":1,"minecraft:iron_boots":1,"minecraft:stone_pickaxe":5,"minecraft:chest":8,"minecraft:oak_fence":21,"minecraft:cooked_beef":12,"minecraft:wooden_shovel":1,"minecraft:diamond_sword":1,"minecraft:cooked_porkchop":1,"minecraft:crafting_table":7,"minecraft:wooden_pickaxe":2,"minecraft:leather_helmet":1,"minecraft:stone_axe":3,"minecraft:air":0,"minecraft:oak_boat":1,"minecraft:iron_chestplate":1,"minecraft:stick":64,"minecraft:wooden_axe":2,"minecraft:iron_ingot":30,"minecraft:iron_pickaxe":2,"minecraft:oak_stairs":80,"minecraft:stone_sword":1,"minecraft:iron_leggings":1,"minecraft:torch":32},"minecraft:custom":{"minecraft:interact_with_anvil":1,"minecraft:mob_kills":155,"minecraft:interact_with_crafting_table":78,"minecraft:bell_ring":2,"minecraft:leave_game":5,"minecraft:time_since_death":47030,"minecraft:climb_one_cm":44,"minecraft:sprint_one_cm":965821,"minecraft:walk_one_cm":1465150,"minecraft:damage_blocked_by_shield":3397,"minecraft:drop":100,"minecraft:talked_to_villager":4,"minecraft:play_time":502506,"minecraft:deaths":14,"minecraft:sneak_time":18925,"minecraft:walk_under_water_one_cm":28293,"minecraft:boat_one_cm":84436,"minecraft:jump":6825,"minecraft:walk_on_water_one_cm":88436,"minecraft:total_world_time":502506,"minecraft:interact_with_furnace":160,"minecraft:sleep_in_bed":4,"minecraft:time_since_rest":46185,"minecraft:damage_taken":6970,"minecraft:damage_dealt":22555,"minecraft:player_kills":1,"minecraft:swim_one_cm":29931,"minecraft:fly_one_cm":896862,"minecraft:open_chest":82,"minecraft:crouch_one_cm":48462,"minecraft:fish_caught":5,"minecraft:fall_one_cm":194555,"minecraft:horse_one_cm":6003},"minecraft:killed":{"minecraft:cave_spider":2,"minecraft:spider":8,"minecraft:slime":2,"minecraft:phantom":1,"minecraft:skeleton":16,"minecraft:chicken":6,"minecraft:pig":4,"minecraft:zombie_villager":2,"minecraft:bat":1,"minecraft:creeper":2,"minecraft:sheep":13,"minecraft:pillager":19,"minecraft:zombie":49,"minecraft:cow":9},"minecraft:dropped":{"minecraft:iron_ingot":5,"minecraft:cooked_beef":1,"minecraft:candle":2,"minecraft:wheat_seeds":6,"minecraft:glow_ink_sac":76,"minecraft:cooked_porkchop":1,"minecraft:oak_fence":4,"minecraft:feather":15,"minecraft:cobblestone":48,"minecraft:leather":5,"minecraft:apple":4,"minecraft:granite":6,"minecraft:saddle":1,"minecraft:leather_helmet":2,"minecraft:pufferfish":1,"minecraft:dirt":186,"minecraft:diorite":4,"minecraft:dark_oak_fence":1,"minecraft:mutton":1,"minecraft:wooden_axe":2,"minecraft:brown_wool":1,"minecraft:diamond_helmet":1,"minecraft:wooden_sword":2,"minecraft:amethyst_shard":14,"minecraft:sand":20,"minecraft:iron_pickaxe":1,"minecraft:string":86,"minecraft:white_wool":1,"minecraft:bone":1,"minecraft:redstone":3,"minecraft:gravel":6,"minecraft:stone_axe":1,"minecraft:player_head":1,"minecraft:stone_sword":2,"minecraft:cobbled_deepslate":5,"minecraft:birch_sapling":2,"minecraft:stone_shovel":1,"minecraft:rotten_flesh":8,"minecraft:cooked_mutton":5,"minecraft:diamond_sword":4,"minecraft:gunpowder":1,"minecraft:diamond_chestplate":2,"minecraft:iron_chestplate":1,"minecraft:andesite":7,"minecraft:oak_sapling":25,"minecraft:spider_eye":3,"minecraft:slime_ball":12,"minecraft:wooden_pickaxe":2,"minecraft:stone_pickaxe":4},"minecraft:used":{"minecraft:oak_fence":21,"minecraft:stone_sword":24,"minecraft:chiseled_deepslate":1,"minecraft:stone_shovel":86,"minecraft:chest":23,"minecraft:shield":114,"minecraft:stone":318,"minecraft:wooden_shovel":59,"minecraft:player_head":1,"minecraft:cooked_chicken":2,"minecraft:rotten_flesh":11,"minecraft:iron_chestplate":1,"minecraft:oak_door":4,"minecraft:torch":38,"minecraft:dirt":193,"minecraft:mutton":2,"minecraft:wooden_axe":77,"minecraft:oak_stairs":94,"minecraft:bow":10,"minecraft:beef":10,"minecraft:ominous_bottle":1,"minecraft:furnace":12,"minecraft:oak_sapling":6,"minecraft:egg":2,"minecraft:cooked_beef":23,"minecraft:cobbled_deepslate":65,"minecraft:pumpkin":2,"minecraft:cooked_mutton":13,"minecraft:stone_pickaxe":368,"minecraft:oak_planks":545,"minecraft:ender_pearl":1,"minecraft:wooden_pickaxe":16,"minecraft:white_wool":11,"minecraft:crafting_table":13,"minecraft:crossbow":4,"minecraft:cod":4,"minecraft:oak_log":82,"minecraft:apple":3,"minecraft:chicken":4,"minecraft:iron_pickaxe":378,"minecraft:gravel":1,"minecraft:soul_lantern":2,"minecraft:stone_axe":392,"minecraft:diamond_sword":511,"minecraft:fishing_rod":19,"minecraft:wooden_sword":1,"minecraft:cobblestone":150,"minecraft:cooked_porkchop":5,"minecraft:porkchop":8,"minecraft:birch_log":1,"minecraft:oak_boat":3,"minecraft:bone_meal":6,"minecraft:candle":4},"minecraft:broken":{"minecraft:wooden_shovel":1,"minecraft:stone_pickaxe":2,"minecraft:stone_axe":3,"minecraft:iron_pickaxe":1,"minecraft:wooden_axe":1},"minecraft:picked_up":{"minecraft:wooden_axe":1,"minecraft:chiseled_deepslate":1,"minecraft:iron_chestplate":1,"minecraft:crafting_table":6,"minecraft:wheat":1,"minecraft:ominous_bottle":7,"minecraft:chicken":6,"minecraft:lead":4,"minecraft:diamond_sword":4,"minecraft:wooden_pickaxe":1,"minecraft:oak_stairs":18,"minecraft:enchanted_book":1,"minecraft:shield":1,"minecraft:string":148,"minecraft:wooden_sword":2,"minecraft:pufferfish":1,"minecraft:candle":6,"minecraft:cobbled_deepslate":80,"minecraft:beef":19,"minecraft:oak_boat":2,"minecraft:player_head":3,"minecraft:poppy":1,"minecraft:iron_pickaxe":1,"minecraft:chest":15,"minecraft:birch_sapling":3,"minecraft:egg":2,"minecraft:furnace":9,"minecraft:stick":24,"minecraft:raw_iron":24,"minecraft:stone":27,"minecraft:oak_door":1,"minecraft:oak_fence":2,"minecraft:torch":6,"minecraft:porkchop":9,"minecraft:diorite":4,"minecraft:redstone":6,"minecraft:diamond_chestplate":3,"minecraft:rotten_flesh":27,"minecraft:stone_sword":3,"minecraft:arrow":19,"minecraft:stone_shovel":2,"minecraft:saddle":3,"minecraft:mutton":19,"minecraft:oxeye_daisy":1,"minecraft:cod":4,"minecraft:white_wool":16,"minecraft:cobblestone":594,"minecraft:stripped_oak_log":1,"minecraft:birch_log":1,"minecraft:feather":16,"minecraft:cooked_beef":20,"minecraft:glow_ink_sac":109,"minecraft:andesite":8,"minecraft:leather":22,"minecraft:brown_wool":1,"minecraft:flint":5,"minecraft:oak_log":281,"minecraft:gunpowder":3,"minecraft:dirt":526,"minecraft:white_banner":2,"minecraft:cooked_mutton":4,"minecraft:glass":16,"minecraft:bone":35,"minecraft:apple":7,"minecraft:wheat_seeds":13,"minecraft:stone_pickaxe":2,"minecraft:diamond_helmet":2,"minecraft:oak_planks":93,"minecraft:cooked_porkchop":9,"minecraft:pumpkin":2,"minecraft:dandelion":1,"minecraft:gravel":101,"minecraft:sand":20,"minecraft:amethyst_shard":14,"minecraft:soul_torch":18,"minecraft:spider_eye":8,"minecraft:leather_helmet":1,"minecraft:slime_ball":12,"minecraft:diamond":12,"minecraft:stone_axe":1,"minecraft:soul_lantern":2,"minecraft:granite":6,"minecraft:crossbow":1,"minecraft:oak_sapling":38,"minecraft:dark_oak_fence":1,"minecraft:coal":60,"minecraft:sunflower":6,"minecraft:ender_pearl":1}},"DataVersion":3955}