{"stats":{"minecraft:crafted":{"minecraft:oak_door":6,"minecraft:oak_planks":820,"minecraft:stone_shovel":1,"minecraft:fishing_rod":1,"minecraft:cooked_chicken":1,"minecraft:furnace":5,"minecraft:stone":291,"minecraft:bone_meal":9,"minecraft:cooked_mutton":3,"minecraft:diamond_helmet":1,"minecraft:bow":1,"minecraft:iron_boots":1,"minecraft:stone_pickaxe":5,"minecraft:chest":8,"minecraft:oak_fence":21,"minecraft:cooked_beef":8,"minecraft:wooden_shovel":1,"minecraft:diamond_sword":1,"minecraft:crafting_table":7,"minecraft:wooden_pickaxe":2,"minecraft:leather_helmet":1,"minecraft:stone_axe":3,"minecraft:air":0,"minecraft:oak_boat":1,"minecraft:iron_chestplate":1,"minecraft:stick":64,"minecraft:oak_stairs":80,"minecraft:iron_pickaxe":1,"minecraft:iron_ingot":23,"minecraft:wooden_axe":2,"minecraft:stone_sword":1,"minecraft:iron_leggings":1,"minecraft:torch":32},"minecraft:killed_by":{"minecraft:pillager":1,"minecraft:warden":2,"minecraft:skeleton":1,"minecraft:zombie":5},"minecraft:broken":{"minecraft:wooden_shovel":1,"minecraft:stone_pickaxe":2,"minecraft:stone_axe":3,"minecraft:iron_pickaxe":1,"minecraft:wooden_axe":1},"minecraft:used":{"minecraft:oak_fence":21,"minecraft:stone_sword":24,"minecraft:chiseled_deepslate":1,"minecraft:stone_shovel":52,"minecraft:chest":23,"minecraft:shield":63,"minecraft:stone":318,"minecraft:cooked_chicken":1,"minecraft:wooden_shovel":59,"minecraft:player_head":1,"minecraft:rotten_flesh":10,"minecraft:oak_door":4,"minecraft:iron_chestplate":1,"minecraft:torch":37,"minecraft:dirt":117,"minecraft:mutton":2,"minecraft:wooden_axe":77,"minecraft:oak_stairs":94,"minecraft:bow":10,"minecraft:beef":9,"minecraft:ominous_bottle":1,"minecraft:oak_sapling":6,"minecraft:furnace":11,"minecraft:cooked_beef":12,"minecraft:cobbled_deepslate":9,"minecraft:pumpkin":2,"minecraft:cooked_mutton":1,"minecraft:oak_planks":545,"minecraft:stone_pickaxe":368,"minecraft:wooden_pickaxe":16,"minecraft:white_wool":7,"minecraft:crafting_table":13,"minecraft:oak_log":82,"minecraft:apple":3,"minecraft:chicken":4,"minecraft:iron_pickaxe":251,"minecraft:gravel":1,"minecraft:soul_lantern":2,"minecraft:stone_axe":392,"minecraft:fishing_rod":1,"minecraft:diamond_sword":293,"minecraft:wooden_sword":1,"minecraft:cobblestone":123,"minecraft:cooked_porkchop":5,"minecraft:porkchop":6,"minecraft:birch_log":1,"minecraft:oak_boat":2,"minecraft:bone_meal":6,"minecraft:candle":4},"minecraft:mined":{"minecraft:white_bed":1,"minecraft:oak_sapling":4,"minecraft:farmland":1,"minecraft:candle":3,"minecraft:deepslate_diamond_ore":9,"minecraft:granite":2,"minecraft:grass_block":100,"minecraft:spawner":1,"minecraft:sculk_catalyst":1,"minecraft:furnace":6,"minecraft:iron_ore":15,"minecraft:cobbled_deepslate":1,"minecraft:andesite":1,"minecraft:chiseled_deepslate":1,"minecraft:pumpkin":2,"minecraft:sculk_shrieker":1,"minecraft:dirt_path":3,"minecraft:deepslate_iron_ore":9,"minecraft:oak_stairs":18,"minecraft:stripped_oak_log":1,"minecraft:stone":505,"minecraft:white_wool":4,"minecraft:soul_lantern":2,"minecraft:crafting_table":7,"minecraft:short_grass":28,"minecraft:chest":13,"minecraft:sculk_sensor":6,"minecraft:cobblestone":5,"minecraft:tall_grass":3,"minecraft:oak_planks":28,"minecraft:sculk":1,"minecraft:wall_torch":3,"minecraft:birch_log":1,"minecraft:birch_leaves":12,"minecraft:oak_log":297,"minecraft:coal_ore":39,"minecraft:gravel":53,"minecraft:dirt":98,"minecraft:cobweb":42,"minecraft:oak_leaves":166,"minecraft:deepslate":6},"minecraft:custom":{"minecraft:mob_kills":88,"minecraft:interact_with_crafting_table":75,"minecraft:bell_ring":2,"minecraft:leave_game":3,"minecraft:time_since_death":6937,"minecraft:sprint_one_cm":686492,"minecraft:walk_one_cm":1186180,"minecraft:damage_blocked_by_shield":1913,"minecraft:drop":68,"minecraft:talked_to_villager":4,"minecraft:play_time":394059,"minecraft:deaths":13,"minecraft:sneak_time":18446,"minecraft:walk_under_water_one_cm":21231,"minecraft:boat_one_cm":58261,"minecraft:jump":4976,"minecraft:walk_on_water_one_cm":67563,"minecraft:total_world_time":394059,"minecraft:interact_with_furnace":135,"minecraft:sleep_in_bed":3,"minecraft:time_since_rest":6964,"minecraft:damage_taken":5114,"minecraft:damage_dealt":11230,"minecraft:fly_one_cm":589328,"minecraft:swim_one_cm":13431,"minecraft:player_kills":1,"minecraft:open_chest":68,"minecraft:crouch_one_cm":47454,"minecraft:fall_one_cm":143394,"minecraft:horse_one_cm":2297},"minecraft:killed":{"minecraft:cave_spider":2,"minecraft:spider":3,"minecraft:slime":2,"minecraft:phantom":1,"minecraft:skeleton":7,"minecraft:chicken":6,"minecraft:pig":3,"minecraft:zombie_villager":2,"minecraft:bat":1,"minecraft:creeper":1,"minecraft:sheep":5,"minecraft:pillager":1,"minecraft:zombie":30,"minecraft:cow":8},"minecraft:dropped":{"minecraft:iron_ingot":1,"minecraft:candle":2,"minecraft:wheat_seeds":6,"minecraft:cooked_beef":1,"minecraft:glow_ink_sac":76,"minecraft:oak_fence":4,"minecraft:feather":15,"minecraft:cobblestone":43,"minecraft:leather":5,"minecraft:apple":4,"minecraft:granite":2,"minecraft:leather_helmet":2,"minecraft:dirt":74,"minecraft:wooden_axe":2,"minecraft:wooden_sword":2,"minecraft:amethyst_shard":14,"minecraft:iron_pickaxe":1,"minecraft:string":86,"minecraft:white_wool":1,"minecraft:bone":1,"minecraft:redstone":3,"minecraft:stone_axe":1,"minecraft:stone_sword":2,"minecraft:cobbled_deepslate":3,"minecraft:stone_shovel":1,"minecraft:rotten_flesh":7,"minecraft:cooked_mutton":3,"minecraft:diamond_sword":2,"minecraft:gunpowder":1,"minecraft:iron_chestplate":1,"minecraft:oak_sapling":24,"minecraft:spider_eye":3,"minecraft:slime_ball":12,"minecraft:stone_pickaxe":4,"minecraft:wooden_pickaxe":2},"minecraft:picked_up":{"minecraft:wooden_axe":1,"minecraft:chiseled_deepslate":1,"minecraft:iron_chestplate":1,"minecraft:crafting_table":6,"minecraft:oak_stairs":18,"minecraft:lead":4,"minecraft:ominous_bottle":5,"minecraft:chicken":6,"minecraft:diamond_sword":2,"minecraft:wooden_pickaxe":1,"minecraft:enchanted_book":1,"minecraft:shield":1,"minecraft:string":141,"minecraft:wooden_sword":2,"minecraft:candle":6,"minecraft:cobbled_deepslate":22,"minecraft:beef":18,"minecraft:oak_boat":2,"minecraft:player_head":2,"minecraft:iron_pickaxe":1,"minecraft:chest":15,"minecraft:birch_sapling":3,"minecraft:furnace":7,"minecraft:raw_iron":23,"minecraft:stick":24,"minecraft:stone":27,"minecraft:oak_fence":2,"minecraft:torch":5,"minecraft:porkchop":7,"minecraft:redstone":6,"minecraft:stone_shovel":2,"minecraft:stone_sword":3,"minecraft:arrow":11,"minecraft:rotten_flesh":18,"minecraft:saddle":1,"minecraft:mutton":7,"minecraft:white_wool":8,"minecraft:cobblestone":564,"minecraft:birch_log":1,"minecraft:stripped_oak_log":1,"minecraft:feather":16,"minecraft:cooked_beef":11,"minecraft:glow_ink_sac":107,"minecraft:andesite":1,"minecraft:leather":21,"minecraft:flint":5,"minecraft:oak_log":281,"minecraft:gunpowder":3,"minecraft:dirt":458,"minecraft:cooked_mutton":1,"minecraft:bone":25,"minecraft:apple":7,"minecraft:wheat_seeds":13,"minecraft:stone_pickaxe":2,"minecraft:oak_planks":93,"minecraft:cooked_porkchop":9,"minecraft:pumpkin":2,"minecraft:gravel":95,"minecraft:amethyst_shard":14,"minecraft:soul_torch":18,"minecraft:spider_eye":6,"minecraft:leather_helmet":1,"minecraft:slime_ball":12,"minecraft:diamond":7,"minecraft:stone_axe":1,"minecraft:soul_lantern":2,"minecraft:granite":2,"minecraft:oak_sapling":37,"minecraft:coal":60}},"DataVersion":3955}