{"stats":{"minecraft:killed_by":{"minecraft:pillager":1,"minecraft:warden":2,"minecraft:skeleton":2,"minecraft:zombie":5},"minecraft:mined":{"minecraft:white_bed":1,"minecraft:oak_sapling":4,"minecraft:farmland":1,"minecraft:deepslate_diamond_ore":15,"minecraft:candle":3,"minecraft:dark_oak_fence":3,"minecraft:granite":6,"minecraft:grass_block":103,"minecraft:spawner":1,"minecraft:sculk_catalyst":1,"minecraft:furnace":6,"minecraft:iron_ore":15,"minecraft:cobbled_deepslate":1,"minecraft:andesite":8,"minecraft:pumpkin":2,"minecraft:chiseled_deepslate":1,"minecraft:sculk_shrieker":1,"minecraft:dirt_path":3,"minecraft:deepslate_iron_ore":9,"minecraft:oak_stairs":18,"minecraft:stripped_oak_log":1,"minecraft:stone":549,"minecraft:white_wool":4,"minecraft:soul_lantern":2,"minecraft:crafting_table":7,"minecraft:short_grass":31,"minecraft:chest":13,"minecraft:sculk_sensor":6,"minecraft:cobblestone":5,"minecraft:tall_grass":8,"minecraft:oak_planks":28,"minecraft:sculk":1,"minecraft:diorite":4,"minecraft:wall_torch":3,"minecraft:birch_log":1,"minecraft:birch_leaves":12,"minecraft:coal_ore":39,"minecraft:oak_log":297,"minecraft:gravel":64,"minecraft:sand":21,"minecraft:dirt":102,"minecraft:cobweb":42,"minecraft:oak_leaves":193,"minecraft:deepslate":60},"minecraft:crafted":{"minecraft:oak_door":6,"minecraft:oak_planks":820,"minecraft:stone_shovel":1,"minecraft:fishing_rod":1,"minecraft:cooked_chicken":1,"minecraft:furnace":5,"minecraft:stone":291,"minecraft:bone_meal":9,"minecraft:cooked_mutton":12,"minecraft:diamond_helmet":1,"minecraft:bow":1,"minecraft:iron_boots":1,"minecraft:stone_pickaxe":5,"minecraft:chest":8,"minecraft:oak_fence":21,"minecraft:cooked_beef":8,"minecraft:wooden_shovel":1,"minecraft:diamond_sword":1,"minecraft:cooked_porkchop":1,"minecraft:crafting_table":7,"minecraft:wooden_pickaxe":2,"minecraft:leather_helmet":1,"minecraft:stone_axe":3,"minecraft:air":0,"minecraft:oak_boat":1,"minecraft:iron_chestplate":1,"minecraft:stick":64,"minecraft:wooden_axe":2,"minecraft:iron_ingot":30,"minecraft:iron_pickaxe":2,"minecraft:oak_stairs":80,"minecraft:stone_sword":1,"minecraft:iron_leggings":1,"minecraft:torch":32},"minecraft:custom":{"minecraft:mob_kills":135,"minecraft:interact_with_crafting_table":78,"minecraft:bell_ring":2,"minecraft:leave_game":5,"minecraft:time_since_death":11030,"minecraft:climb_one_cm":44,"minecraft:sprint_one_cm":823952,"minecraft:walk_one_cm":1356943,"minecraft:damage_blocked_by_shield":3257,"minecraft:drop":85,"minecraft:talked_to_villager":4,"minecraft:play_time":466506,"minecraft:deaths":14,"minecraft:sneak_time":18860,"minecraft:walk_under_water_one_cm":26390,"minecraft:boat_one_cm":84436,"minecraft:jump":6098,"minecraft:walk_on_water_one_cm":78081,"minecraft:total_world_time":466506,"minecraft:interact_with_furnace":149,"minecraft:sleep_in_bed":4,"minecraft:time_since_rest":10185,"minecraft:damage_taken":6314,"minecraft:damage_dealt":19298,"minecraft:player_kills":1,"minecraft:swim_one_cm":19735,"minecraft:fly_one_cm":755083,"minecraft:open_chest":76,"minecraft:crouch_one_cm":48332,"minecraft:fish_caught":5,"minecraft:fall_one_cm":179101,"minecraft:horse_one_cm":6003},"minecraft:killed":{"minecraft:cave_spider":2,"minecraft:spider":6,"minecraft:slime":2,"minecraft:phantom":1,"minecraft:skeleton":10,"minecraft:chicken":6,"minecraft:pig":4,"minecraft:zombie_villager":2,"minecraft:bat":1,"minecraft:creeper":1,"minecraft:sheep":13,"minecraft:pillager":19,"minecraft:zombie":40,"minecraft:cow":8},"minecraft:dropped":{"minecraft:iron_ingot":5,"minecraft:cooked_beef":1,"minecraft:candle":2,"minecraft:wheat_seeds":6,"minecraft:glow_ink_sac":76,"minecraft:cooked_porkchop":1,"minecraft:oak_fence":4,"minecraft:feather":15,"minecraft:cobblestone":45,"minecraft:leather":5,"minecraft:apple":4,"minecraft:granite":2,"minecraft:saddle":1,"minecraft:leather_helmet":2,"minecraft:pufferfish":1,"minecraft:dirt":176,"minecraft:dark_oak_fence":1,"minecraft:mutton":1,"minecraft:wooden_axe":2,"minecraft:brown_wool":1,"minecraft:wooden_sword":2,"minecraft:amethyst_shard":14,"minecraft:iron_pickaxe":1,"minecraft:string":86,"minecraft:white_wool":1,"minecraft:bone":1,"minecraft:redstone":3,"minecraft:stone_axe":1,"minecraft:player_head":1,"minecraft:stone_sword":2,"minecraft:cobbled_deepslate":3,"minecraft:birch_sapling":2,"minecraft:stone_shovel":1,"minecraft:rotten_flesh":8,"minecraft:cooked_mutton":5,"minecraft:diamond_sword":3,"minecraft:gunpowder":1,"minecraft:iron_chestplate":1,"minecraft:oak_sapling":25,"minecraft:spider_eye":3,"minecraft:slime_ball":12,"minecraft:wooden_pickaxe":2,"minecraft:stone_pickaxe":4},"minecraft:used":{"minecraft:oak_fence":21,"minecraft:stone_sword":24,"minecraft:chiseled_deepslate":1,"minecraft:stone_shovel":86,"minecraft:chest":23,"minecraft:shield":108,"minecraft:stone":318,"minecraft:wooden_shovel":59,"minecraft:player_head":1,"minecraft:cooked_chicken":1,"minecraft:rotten_flesh":11,"minecraft:iron_chestplate":1,"minecraft:oak_door":4,"minecraft:torch":37,"minecraft:dirt":193,"minecraft:mutton":2,"minecraft:wooden_axe":77,"minecraft:oak_stairs":94,"minecraft:bow":10,"minecraft:beef":9,"minecraft:ominous_bottle":1,"minecraft:furnace":12,"minecraft:oak_sapling":6,"minecraft:cooked_beef":17,"minecraft:cobbled_deepslate":65,"minecraft:pumpkin":2,"minecraft:cooked_mutton":10,"minecraft:stone_pickaxe":368,"minecraft:oak_planks":545,"minecraft:wooden_pickaxe":16,"minecraft:white_wool":7,"minecraft:crafting_table":13,"minecraft:cod":4,"minecraft:oak_log":82,"minecraft:apple":3,"minecraft:chicken":4,"minecraft:iron_pickaxe":373,"minecraft:gravel":1,"minecraft:soul_lantern":2,"minecraft:stone_axe":392,"minecraft:diamond_sword":446,"minecraft:fishing_rod":17,"minecraft:wooden_sword":1,"minecraft:cobblestone":150,"minecraft:cooked_porkchop":5,"minecraft:porkchop":7,"minecraft:birch_log":1,"minecraft:oak_boat":3,"minecraft:bone_meal":6,"minecraft:candle":4},"minecraft:broken":{"minecraft:wooden_shovel":1,"minecraft:stone_pickaxe":2,"minecraft:stone_axe":3,"minecraft:iron_pickaxe":1,"minecraft:wooden_axe":1},"minecraft:picked_up":{"minecraft:wooden_axe":1,"minecraft:chiseled_deepslate":1,"minecraft:iron_chestplate":1,"minecraft:crafting_table":6,"minecraft:wheat":1,"minecraft:ominous_bottle":7,"minecraft:chicken":6,"minecraft:lead":4,"minecraft:diamond_sword":3,"minecraft:wooden_pickaxe":1,"minecraft:oak_stairs":18,"minecraft:enchanted_book":1,"minecraft:shield":1,"minecraft:string":147,"minecraft:wooden_sword":2,"minecraft:pufferfish":1,"minecraft:candle":6,"minecraft:cobbled_deepslate":79,"minecraft:beef":18,"minecraft:oak_boat":2,"minecraft:player_head":3,"minecraft:iron_pickaxe":1,"minecraft:chest":15,"minecraft:birch_sapling":3,"minecraft:egg":2,"minecraft:furnace":9,"minecraft:stick":24,"minecraft:raw_iron":24,"minecraft:stone":27,"minecraft:oak_fence":2,"minecraft:torch":6,"minecraft:porkchop":9,"minecraft:diorite":4,"minecraft:redstone":6,"minecraft:diamond_chestplate":1,"minecraft:rotten_flesh":19,"minecraft:stone_sword":3,"minecraft:arrow":13,"minecraft:stone_shovel":2,"minecraft:saddle":3,"minecraft:mutton":19,"minecraft:cod":4,"minecraft:white_wool":14,"minecraft:cobblestone":591,"minecraft:stripped_oak_log":1,"minecraft:birch_log":1,"minecraft:feather":16,"minecraft:cooked_beef":20,"minecraft:glow_ink_sac":109,"minecraft:andesite":8,"minecraft:leather":21,"minecraft:brown_wool":1,"minecraft:flint":5,"minecraft:oak_log":281,"minecraft:gunpowder":3,"minecraft:dirt":515,"minecraft:white_banner":2,"minecraft:cooked_mutton":3,"minecraft:bone":28,"minecraft:apple":7,"minecraft:wheat_seeds":13,"minecraft:stone_pickaxe":2,"minecraft:diamond_helmet":1,"minecraft:oak_planks":93,"minecraft:cooked_porkchop":9,"minecraft:pumpkin":2,"minecraft:gravel":101,"minecraft:sand":20,"minecraft:amethyst_shard":14,"minecraft:soul_torch":18,"minecraft:spider_eye":6,"minecraft:leather_helmet":1,"minecraft:slime_ball":12,"minecraft:diamond":12,"minecraft:stone_axe":1,"minecraft:soul_lantern":2,"minecraft:granite":6,"minecraft:crossbow":1,"minecraft:oak_sapling":38,"minecraft:dark_oak_fence":1,"minecraft:coal":60}},"DataVersion":3955}