{"stats":{"minecraft:killed_by":{"minecraft:creeper":1,"minecraft:pillager":1,"minecraft:warden":2,"minecraft:skeleton":2,"minecraft:zombie":5},"minecraft:mined":{"minecraft:dark_oak_leaves":1,"minecraft:white_bed":1,"minecraft:oak_sapling":4,"minecraft:farmland":1,"minecraft:deepslate_diamond_ore":20,"minecraft:candle":3,"minecraft:glow_lichen":1,"minecraft:dark_oak_fence":3,"minecraft:granite":6,"minecraft:grass_block":111,"minecraft:moss_block":4,"minecraft:oxeye_daisy":1,"minecraft:spawner":1,"minecraft:hay_block":10,"minecraft:sculk_catalyst":1,"minecraft:furnace":6,"minecraft:iron_ore":15,"minecraft:cobbled_deepslate":1,"minecraft:snow":5,"minecraft:andesite":8,"minecraft:pumpkin":2,"minecraft:chiseled_deepslate":1,"minecraft:sculk_shrieker":1,"minecraft:dirt_path":4,"minecraft:deepslate_iron_ore":9,"minecraft:oak_stairs":18,"minecraft:stripped_oak_log":1,"minecraft:stone":549,"minecraft:white_wool":6,"minecraft:snow_block":17,"minecraft:soul_lantern":2,"minecraft:crafting_table":7,"minecraft:short_grass":34,"minecraft:poppy":1,"minecraft:chest":13,"minecraft:sculk_sensor":6,"minecraft:mushroom_stem":6,"minecraft:cobblestone":49,"minecraft:tall_grass":13,"minecraft:oak_planks":28,"minecraft:sculk":1,"minecraft:diorite":4,"minecraft:wall_torch":3,"minecraft:birch_log":1,"minecraft:birch_leaves":12,"minecraft:coal_ore":39,"minecraft:oak_log":297,"minecraft:sunflower":9,"minecraft:gravel":64,"minecraft:sand":22,"minecraft:dirt":112,"minecraft:cobweb":42,"minecraft:oak_door":1,"minecraft:mossy_cobblestone":3,"minecraft:oak_leaves":193,"minecraft:deepslate":61},"minecraft:crafted":{"minecraft:oak_door":6,"minecraft:oak_planks":900,"minecraft:stone_shovel":1,"minecraft:fishing_rod":1,"minecraft:cooked_chicken":2,"minecraft:furnace":5,"minecraft:stone":291,"minecraft:bone_meal":9,"minecraft:cooked_mutton":25,"minecraft:diamond_helmet":1,"minecraft:bow":1,"minecraft:iron_boots":1,"minecraft:stone_pickaxe":5,"minecraft:chest":8,"minecraft:oak_fence":21,"minecraft:cooked_beef":12,"minecraft:wooden_shovel":1,"minecraft:diamond_sword":1,"minecraft:cooked_porkchop":7,"minecraft:crafting_table":7,"minecraft:wooden_pickaxe":2,"minecraft:leather_helmet":1,"minecraft:stone_axe":3,"minecraft:air":0,"minecraft:oak_boat":1,"minecraft:iron_chestplate":1,"minecraft:yellow_dye":1,"minecraft:stick":64,"minecraft:wooden_axe":2,"minecraft:iron_ingot":30,"minecraft:iron_pickaxe":2,"minecraft:oak_stairs":80,"minecraft:stone_sword":1,"minecraft:iron_leggings":1,"minecraft:torch":32},"minecraft:custom":{"minecraft:interact_with_anvil":1,"minecraft:mob_kills":178,"minecraft:interact_with_crafting_table":79,"minecraft:bell_ring":4,"minecraft:leave_game":5,"minecraft:time_since_death":26091,"minecraft:climb_one_cm":826,"minecraft:sprint_one_cm":1066985,"minecraft:walk_one_cm":1617578,"minecraft:damage_blocked_by_shield":3647,"minecraft:drop":113,"minecraft:talked_to_villager":4,"minecraft:play_time":568506,"minecraft:deaths":16,"minecraft:sneak_time":19570,"minecraft:walk_under_water_one_cm":32889,"minecraft:boat_one_cm":84436,"minecraft:jump":7998,"minecraft:walk_on_water_one_cm":96891,"minecraft:total_world_time":568506,"minecraft:interact_with_furnace":181,"minecraft:sleep_in_bed":4,"minecraft:time_since_rest":26118,"minecraft:damage_taken":8021,"minecraft:damage_dealt":25913,"minecraft:player_kills":1,"minecraft:swim_one_cm":31133,"minecraft:fly_one_cm":1042570,"minecraft:open_chest":83,"minecraft:crouch_one_cm":49842,"minecraft:fish_caught":5,"minecraft:fall_one_cm":235540,"minecraft:horse_one_cm":6003},"minecraft:killed":{"minecraft:cave_spider":2,"minecraft:spider":8,"minecraft:slime":2,"minecraft:phantom":1,"minecraft:skeleton":16,"minecraft:chicken":6,"minecraft:pig":8,"minecraft:zombie_villager":2,"minecraft:bat":1,"minecraft:creeper":2,"minecraft:sheep":21,"minecraft:pillager":19,"minecraft:goat":2,"minecraft:zombie":57,"minecraft:cow":10},"minecraft:dropped":{"minecraft:water_bucket":1,"minecraft:iron_ingot":5,"minecraft:cooked_beef":1,"minecraft:candle":2,"minecraft:wheat_seeds":7,"minecraft:glow_ink_sac":76,"minecraft:mossy_cobblestone":1,"minecraft:cooked_porkchop":1,"minecraft:oak_fence":4,"minecraft:feather":15,"minecraft:cobblestone":48,"minecraft:leather":5,"minecraft:apple":4,"minecraft:granite":6,"minecraft:saddle":1,"minecraft:leather_helmet":2,"minecraft:pufferfish":1,"minecraft:dirt":187,"minecraft:diorite":4,"minecraft:dark_oak_fence":1,"minecraft:mutton":1,"minecraft:wooden_axe":2,"minecraft:brown_wool":1,"minecraft:snowball":8,"minecraft:diamond_helmet":1,"minecraft:white_banner":2,"minecraft:wooden_sword":2,"minecraft:amethyst_shard":14,"minecraft:sand":32,"minecraft:iron_pickaxe":2,"minecraft:string":86,"minecraft:birch_log":2,"minecraft:white_wool":1,"minecraft:oak_door":3,"minecraft:bone":1,"minecraft:redstone":3,"minecraft:gravel":6,"minecraft:stone_axe":1,"minecraft:player_head":1,"minecraft:stone_sword":2,"minecraft:cobbled_deepslate":5,"minecraft:birch_sapling":2,"minecraft:stone_shovel":1,"minecraft:rotten_flesh":8,"minecraft:cooked_mutton":5,"minecraft:diamond_sword":4,"minecraft:poppy":2,"minecraft:gunpowder":1,"minecraft:diamond_chestplate":2,"minecraft:iron_chestplate":1,"minecraft:andesite":7,"minecraft:oak_sapling":25,"minecraft:spider_eye":3,"minecraft:sandstone":3,"minecraft:slime_ball":12,"minecraft:wooden_pickaxe":2,"minecraft:stone_pickaxe":4},"minecraft:used":{"minecraft:oak_fence":21,"minecraft:stone_sword":24,"minecraft:chiseled_deepslate":1,"minecraft:stone_shovel":109,"minecraft:chest":23,"minecraft:shield":119,"minecraft:stone":318,"minecraft:wooden_shovel":59,"minecraft:player_head":1,"minecraft:cooked_chicken":2,"minecraft:rotten_flesh":11,"minecraft:iron_chestplate":1,"minecraft:oak_door":5,"minecraft:torch":38,"minecraft:dirt":196,"minecraft:mutton":3,"minecraft:snowball":8,"minecraft:glass":16,"minecraft:wooden_axe":77,"minecraft:lava_bucket":1,"minecraft:oak_stairs":94,"minecraft:bow":13,"minecraft:beef":10,"minecraft:ominous_bottle":1,"minecraft:furnace":14,"minecraft:oak_sapling":6,"minecraft:egg":2,"minecraft:cooked_beef":25,"minecraft:cobbled_deepslate":65,"minecraft:pumpkin":2,"minecraft:cooked_mutton":20,"minecraft:water_bucket":2,"minecraft:stone_pickaxe":404,"minecraft:oak_planks":631,"minecraft:ender_pearl":1,"minecraft:wooden_pickaxe":16,"minecraft:white_wool":11,"minecraft:mossy_cobblestone":2,"minecraft:sand":12,"minecraft:crafting_table":13,"minecraft:crossbow":7,"minecraft:cod":4,"minecraft:oak_log":82,"minecraft:apple":3,"minecraft:chicken":4,"minecraft:iron_pickaxe":398,"minecraft:gravel":1,"minecraft:soul_lantern":2,"minecraft:stone_axe":392,"minecraft:diamond_sword":595,"minecraft:fishing_rod":19,"minecraft:wooden_sword":1,"minecraft:cobblestone":185,"minecraft:cooked_porkchop":6,"minecraft:porkchop":8,"minecraft:bucket":5,"minecraft:birch_log":1,"minecraft:oak_boat":3,"minecraft:bone_meal":6,"minecraft:candle":4,"minecraft:soul_torch":1},"minecraft:broken":{"minecraft:wooden_shovel":1,"minecraft:stone_pickaxe":2,"minecraft:stone_axe":3,"minecraft:iron_pickaxe":1,"minecraft:wooden_axe":1},"minecraft:picked_up":{"minecraft:wooden_axe":1,"minecraft:chiseled_deepslate":1,"minecraft:iron_chestplate":1,"minecraft:crafting_table":6,"minecraft:wheat":1,"minecraft:ominous_bottle":7,"minecraft:chicken":6,"minecraft:lead":4,"minecraft:diamond_sword":4,"minecraft:wooden_pickaxe":1,"minecraft:oak_stairs":18,"minecraft:enchanted_book":1,"minecraft:shield":1,"minecraft:moss_carpet":2,"minecraft:string":148,"minecraft:wooden_sword":2,"minecraft:pufferfish":1,"minecraft:candle":6,"minecraft:cobbled_deepslate":80,"minecraft:bucket":2,"minecraft:beef":21,"minecraft:oak_boat":2,"minecraft:player_head":3,"minecraft:poppy":3,"minecraft:iron_pickaxe":1,"minecraft:chest":15,"minecraft:birch_sapling":3,"minecraft:egg":2,"minecraft:furnace":11,"minecraft:sandstone":3,"minecraft:stick":24,"minecraft:raw_iron":24,"minecraft:stone":27,"minecraft:oak_door":4,"minecraft:oak_fence":2,"minecraft:torch":6,"minecraft:porkchop":18,"minecraft:diorite":4,"minecraft:redstone":6,"minecraft:diamond_chestplate":3,"minecraft:rotten_flesh":37,"minecraft:stone_sword":3,"minecraft:arrow":19,"minecraft:stone_shovel":2,"minecraft:hay_block":3,"minecraft:saddle":3,"minecraft:snowball":14,"minecraft:mutton":30,"minecraft:oxeye_daisy":2,"minecraft:cod":4,"minecraft:white_wool":24,"minecraft:cobblestone":630,"minecraft:stripped_oak_log":1,"minecraft:birch_log":3,"minecraft:feather":16,"minecraft:cooked_beef":20,"minecraft:glow_ink_sac":109,"minecraft:andesite":8,"minecraft:leather":22,"minecraft:brown_wool":1,"minecraft:flint":5,"minecraft:oak_log":281,"minecraft:gunpowder":3,"minecraft:dirt":532,"minecraft:white_banner":2,"minecraft:cooked_mutton":4,"minecraft:glass":16,"minecraft:bone":35,"minecraft:apple":7,"minecraft:wheat_seeds":14,"minecraft:stone_pickaxe":2,"minecraft:diamond_helmet":2,"minecraft:oak_planks":179,"minecraft:cooked_porkchop":9,"minecraft:pumpkin":2,"minecraft:lava_bucket":1,"minecraft:dandelion":2,"minecraft:gravel":101,"minecraft:sand":44,"minecraft:amethyst_shard":14,"minecraft:soul_torch":18,"minecraft:mossy_cobblestone":3,"minecraft:spider_eye":8,"minecraft:leather_helmet":1,"minecraft:slime_ball":12,"minecraft:diamond":17,"minecraft:stone_axe":1,"minecraft:soul_lantern":2,"minecraft:granite":6,"minecraft:crossbow":1,"minecraft:oak_sapling":38,"minecraft:dark_oak_fence":1,"minecraft:coal":60,"minecraft:sunflower":6,"minecraft:ender_pearl":1}},"DataVersion":3955}