{"stats":{"minecraft:crafted":{"minecraft:cherry_planks":12,"minecraft:wooden_sword":1,"minecraft:oak_planks":156,"minecraft:dark_oak_boat":1,"minecraft:furnace":1,"minecraft:diamond_shovel":1,"minecraft:flint_and_steel":1,"minecraft:cooked_mutton":11,"minecraft:iron_axe":1,"minecraft:chest":2,"minecraft:dark_oak_planks":16,"minecraft:cooked_beef":11,"minecraft:diamond_sword":1,"minecraft:cooked_porkchop":7,"minecraft:crafting_table":4,"minecraft:wooden_pickaxe":15,"minecraft:iron_sword":1,"minecraft:air":0,"minecraft:iron_chestplate":1,"minecraft:diamond_pickaxe":1,"minecraft:shield":1,"minecraft:stick":168,"minecraft:iron_ingot":17,"minecraft:iron_pickaxe":1,"minecraft:wooden_axe":1,"minecraft:torch":36,"minecraft:diamond_chestplate":1},"minecraft:broken":{"minecraft:iron_boots":1,"minecraft:iron_leggings":1,"minecraft:iron_axe":1,"minecraft:iron_sword":1,"minecraft:iron_helmet":1},"minecraft:used":{"minecraft:chest":2,"minecraft:shield":32,"minecraft:iron_sword":488,"minecraft:rotten_flesh":2,"minecraft:cooked_chicken":2,"minecraft:oak_door":1,"minecraft:torch":18,"minecraft:dirt":211,"minecraft:mutton":7,"minecraft:carrot":5,"minecraft:wooden_axe":1,"minecraft:dark_oak_planks":5,"minecraft:birch_sapling":2,"minecraft:iron_axe":249,"minecraft:iron_helmet":2,"minecraft:iron_boots":2,"minecraft:bow":14,"minecraft:beef":1,"minecraft:dark_oak_boat":2,"minecraft:ominous_bottle":1,"minecraft:oak_sapling":18,"minecraft:furnace":7,"minecraft:egg":1,"minecraft:cooked_beef":15,"minecraft:potato":2,"minecraft:cobbled_deepslate":14,"minecraft:iron_leggings":3,"minecraft:cooked_mutton":14,"minecraft:water_bucket":10,"minecraft:diorite":2,"minecraft:rabbit":1,"minecraft:birch_planks":1,"minecraft:oak_planks":45,"minecraft:wooden_pickaxe":27,"minecraft:white_wool":3,"minecraft:salmon":7,"minecraft:crafting_table":9,"minecraft:crossbow":4,"minecraft:white_bed":16,"minecraft:oak_log":2,"minecraft:diamond_pickaxe":63,"minecraft:apple":2,"minecraft:diamond_shovel":432,"minecraft:chicken":1,"minecraft:bread":19,"minecraft:iron_pickaxe":220,"minecraft:gravel":4,"minecraft:diamond_sword":64,"minecraft:wooden_sword":7,"minecraft:cobblestone":114,"minecraft:porkchop":1,"minecraft:cooked_porkchop":19,"minecraft:bucket":10,"minecraft:andesite":1},"minecraft:killed_by":{"minecraft:player":6,"minecraft:creeper":1,"minecraft:spider":1,"minecraft:pillager":2,"minecraft:enderman":1,"minecraft:warden":1,"minecraft:skeleton":3,"minecraft:witch":1,"minecraft:zombie":5},"minecraft:mined":{"minecraft:white_bed":14,"minecraft:oak_sapling":18,"minecraft:farmland":29,"minecraft:deepslate_diamond_ore":14,"minecraft:cobblestone_stairs":1,"minecraft:cherry_log":3,"minecraft:dark_oak_fence":4,"minecraft:grass_block":298,"minecraft:furnace":7,"minecraft:cobbled_deepslate":4,"minecraft:iron_ore":3,"minecraft:andesite":4,"minecraft:dirt_path":50,"minecraft:stone":90,"minecraft:white_wool":3,"minecraft:crafting_table":6,"minecraft:torch":3,"minecraft:short_grass":57,"minecraft:tall_grass":9,"minecraft:cobblestone":80,"minecraft:oak_planks":18,"minecraft:diorite":7,"minecraft:wall_torch":1,"minecraft:birch_sapling":2,"minecraft:pink_petals":20,"minecraft:birch_log":8,"minecraft:coal_ore":17,"minecraft:oak_log":288,"minecraft:gravel":5,"minecraft:dirt":190,"minecraft:oak_leaves":86,"minecraft:deepslate":32},"minecraft:custom":{"minecraft:mob_kills":94,"minecraft:interact_with_crafting_table":21,"minecraft:bell_ring":12,"minecraft:leave_game":9,"minecraft:time_since_death":49342,"minecraft:climb_one_cm":220,"minecraft:sprint_one_cm":1456107,"minecraft:walk_one_cm":1431095,"minecraft:damage_blocked_by_shield":685,"minecraft:drop":203,"minecraft:talked_to_villager":3,"minecraft:play_time":444528,"minecraft:deaths":28,"minecraft:sneak_time":12209,"minecraft:walk_under_water_one_cm":64092,"minecraft:boat_one_cm":166815,"minecraft:jump":8708,"minecraft:walk_on_water_one_cm":100145,"minecraft:total_world_time":444528,"minecraft:interact_with_furnace":45,"minecraft:raid_trigger":1,"minecraft:sleep_in_bed":22,"minecraft:time_since_rest":30635,"minecraft:damage_taken":11781,"minecraft:damage_dealt":18049,"minecraft:player_kills":1,"minecraft:fly_one_cm":1049262,"minecraft:swim_one_cm":154160,"minecraft:open_chest":49,"minecraft:crouch_one_cm":37868,"minecraft:fall_one_cm":224983},"minecraft:killed":{"minecraft:spider":4,"minecraft:wither":1,"minecraft:skeleton":7,"minecraft:chicken":1,"minecraft:drowned":1,"minecraft:wolf":1,"minecraft:pig":3,"minecraft:salmon":7,"minecraft:rabbit":1,"minecraft:squid":1,"minecraft:sheep":10,"minecraft:pillager":23,"minecraft:zombie":19,"minecraft:villager":1,"minecraft:cow":6},"minecraft:picked_up":{"minecraft:crafting_table":7,"minecraft:iron_chestplate":3,"minecraft:ominous_bottle":6,"minecraft:chicken":1,"minecraft:diamond_sword":4,"minecraft:string":9,"minecraft:iron_leggings":5,"minecraft:cobbled_deepslate":35,"minecraft:beef":13,"minecraft:oak_boat":1,"minecraft:player_head":1,"minecraft:iron_pickaxe":1,"minecraft:light_gray_wool":1,"minecraft:birch_sapling":6,"minecraft:egg":1,"minecraft:iron_boots":4,"minecraft:furnace":6,"minecraft:stick":6,"minecraft:raw_iron":9,"minecraft:oak_door":2,"minecraft:oak_fence":5,"minecraft:torch":28,"minecraft:porkchop":4,"minecraft:cherry_log":3,"minecraft:diorite":8,"minecraft:carrot":5,"minecraft:stone_sword":1,"minecraft:arrow":11,"minecraft:rotten_flesh":36,"minecraft:mutton":19,"minecraft:white_wool":12,"minecraft:rail":3,"minecraft:cobblestone":194,"minecraft:birch_log":6,"minecraft:pink_petals":63,"minecraft:feather":2,"minecraft:cooked_beef":8,"minecraft:water_bucket":1,"minecraft:tripwire_hook":1,"minecraft:glow_ink_sac":13,"minecraft:salmon":7,"minecraft:andesite":6,"minecraft:leather":8,"minecraft:brown_wool":1,"minecraft:dark_oak_boat":2,"minecraft:potato":2,"minecraft:birch_planks":1,"minecraft:flint":2,"minecraft:oak_log":303,"minecraft:dirt":637,"minecraft:white_banner":3,"minecraft:cooked_mutton":5,"minecraft:bone":10,"minecraft:apple":2,"minecraft:bow":3,"minecraft:wheat_seeds":12,"minecraft:cooked_chicken":2,"minecraft:iron_ingot":3,"minecraft:rabbit":1,"minecraft:oak_planks":145,"minecraft:iron_sword":7,"minecraft:cooked_porkchop":20,"minecraft:gravel":4,"minecraft:ink_sac":1,"minecraft:white_bed":19,"minecraft:dark_oak_log":12,"minecraft:spider_eye":2,"minecraft:diamond":14,"minecraft:iron_helmet":3,"minecraft:granite":1,"minecraft:crossbow":2,"minecraft:bread":27,"minecraft:oak_sapling":44,"minecraft:black_wool":1,"minecraft:dark_oak_fence":8,"minecraft:coal":14,"minecraft:nether_star":3},"minecraft:dropped":{"minecraft:bread":8,"minecraft:iron_sword":4,"minecraft:wheat_seeds":10,"minecraft:ominous_bottle":4,"minecraft:cooked_beef":2,"minecraft:oak_log":4,"minecraft:glow_ink_sac":10,"minecraft:crossbow":2,"minecraft:oak_fence":5,"minecraft:feather":2,"minecraft:leather":6,"minecraft:rail":3,"minecraft:flint":1,"minecraft:dirt":33,"minecraft:diorite":6,"minecraft:ink_sac":1,"minecraft:dark_oak_fence":8,"minecraft:iron_leggings":1,"minecraft:white_banner":3,"minecraft:string":6,"minecraft:white_wool":2,"minecraft:bone":7,"minecraft:player_head":1,"minecraft:birch_sapling":4,"minecraft:rotten_flesh":24,"minecraft:light_gray_wool":1,"minecraft:cooked_mutton":2,"minecraft:white_bed":1,"minecraft:diamond_sword":4,"minecraft:iron_chestplate":1,"minecraft:andesite":4,"minecraft:oak_sapling":26,"minecraft:spider_eye":2,"minecraft:arrow":3,"minecraft:bow":1,"minecraft:black_wool":1}},"DataVersion":3955}