{"stats":{"minecraft:mined":{"minecraft:white_bed":1,"minecraft:cherry_log":2,"minecraft:brewing_stand":1,"minecraft:grass_block":25,"minecraft:sandstone":16,"minecraft:tall_seagrass":1,"minecraft:hay_block":79,"minecraft:furnace":4,"minecraft:iron_ore":48,"minecraft:fire":30,"minecraft:snow":2,"minecraft:pumpkin":9,"minecraft:azure_bluet":1,"minecraft:gold_block":2,"minecraft:stone":136,"minecraft:white_wool":2,"minecraft:red_bed":11,"minecraft:kelp_plant":1,"minecraft:melon_stem":1,"minecraft:snow_block":57,"minecraft:smoker":2,"minecraft:stone_brick_slab":1,"minecraft:dandelion":4,"minecraft:crafting_table":9,"minecraft:cornflower":1,"minecraft:torch":7,"minecraft:short_grass":669,"minecraft:rose_bush":6,"minecraft:stone_slab":1,"minecraft:tall_grass":131,"minecraft:cobblestone":4,"minecraft:oak_planks":2,"minecraft:diorite":6,"minecraft:wall_torch":15,"minecraft:pink_petals":4,"minecraft:wheat":30,"minecraft:yellow_bed":7,"minecraft:bee_nest":1,"minecraft:oak_log":50,"minecraft:coal_ore":23,"minecraft:gravel":5,"minecraft:sunflower":13,"minecraft:sand":134,"minecraft:dirt":70,"minecraft:netherrack":2,"minecraft:oak_leaves":35,"minecraft:fern":10},"minecraft:killed":{"minecraft:spider":3,"minecraft:skeleton":2,"minecraft:chicken":2,"minecraft:pig":4,"minecraft:iron_golem":3,"minecraft:sheep":22,"minecraft:zombie":6,"minecraft:enderman":1,"minecraft:cow":11},"minecraft:used":{"minecraft:flint_and_steel":64,"minecraft:poppy":2,"minecraft:chest":1,"minecraft:wooden_shovel":59,"minecraft:rotten_flesh":7,"minecraft:torch":40,"minecraft:dirt":88,"minecraft:mutton":24,"minecraft:golden_shovel":129,"minecraft:salmon_bucket":1,"minecraft:granite":1,"minecraft:snowball":177,"minecraft:wooden_axe":77,"minecraft:lava_bucket":5,"minecraft:furnace":4,"minecraft:cooked_beef":12,"minecraft:wheat_seeds":81,"minecraft:cooked_mutton":3,"minecraft:water_bucket":81,"minecraft:diorite":11,"minecraft:leather_leggings":1,"minecraft:stone_pickaxe":161,"minecraft:oak_planks":24,"minecraft:wooden_pickaxe":73,"minecraft:white_wool":9,"minecraft:golden_apple":1,"minecraft:crafting_table":13,"minecraft:red_bed":11,"minecraft:white_bed":1,"minecraft:smoker":2,"minecraft:oak_log":2,"minecraft:chicken":2,"minecraft:bread":15,"minecraft:string":1,"minecraft:iron_pickaxe":61,"minecraft:stone_axe":149,"minecraft:pink_petals":11,"minecraft:fire_charge":1,"minecraft:cobblestone":91,"minecraft:porkchop":8,"minecraft:andesite":2,"minecraft:bucket":87,"minecraft:yellow_bed":6,"minecraft:oak_boat":8},"minecraft:crafted":{"minecraft:cherry_planks":8,"minecraft:oak_planks":172,"minecraft:cooked_mutton":3,"minecraft:stone_pickaxe":4,"minecraft:chest":1,"minecraft:wheat":562,"minecraft:cooked_beef":8,"minecraft:wooden_shovel":1,"minecraft:crafting_table":5,"minecraft:wooden_pickaxe":2,"minecraft:pumpkin_seeds":36,"minecraft:stone_axe":2,"minecraft:bread":192,"minecraft:air":0,"minecraft:oak_boat":1,"minecraft:stick":68,"minecraft:iron_ingot":1,"minecraft:iron_pickaxe":2,"minecraft:wooden_axe":3,"minecraft:white_bed":1,"minecraft:torch":32},"minecraft:custom":{"minecraft:mob_kills":59,"minecraft:animals_bred":1,"minecraft:interact_with_crafting_table":23,"minecraft:open_barrel":2,"minecraft:bell_ring":10,"minecraft:leave_game":1,"minecraft:time_since_death":1821,"minecraft:climb_one_cm":8022,"minecraft:sprint_one_cm":488571,"minecraft:walk_one_cm":344709,"minecraft:drop":475,"minecraft:talked_to_villager":5,"minecraft:play_time":206743,"minecraft:deaths":22,"minecraft:sneak_time":17855,"minecraft:walk_under_water_one_cm":33019,"minecraft:boat_one_cm":840476,"minecraft:jump":4857,"minecraft:walk_on_water_one_cm":33939,"minecraft:total_world_time":206743,"minecraft:interact_with_furnace":6,"minecraft:sleep_in_bed":14,"minecraft:time_since_rest":1591,"minecraft:damage_taken":8138,"minecraft:damage_absorbed":40,"minecraft:damage_dealt":9664,"minecraft:swim_one_cm":53914,"minecraft:fly_one_cm":832276,"minecraft:open_chest":26,"minecraft:crouch_one_cm":53677,"minecraft:interact_with_smoker":6,"minecraft:fall_one_cm":184345},"minecraft:killed_by":{"minecraft:creeper":1,"minecraft:spider":1,"minecraft:pillager":1,"minecraft:iron_golem":1,"minecraft:skeleton":4,"minecraft:zombie":8},"minecraft:dropped":{"minecraft:water_bucket":2,"minecraft:bread":20,"minecraft:wheat_seeds":55,"minecraft:cooked_beef":1,"minecraft:poisonous_potato":3,"minecraft:feather":3,"minecraft:cobblestone":4,"minecraft:leather":18,"minecraft:grass_block":1,"minecraft:emerald":7,"minecraft:dirt":4,"minecraft:red_bed":2,"minecraft:brewing_stand":1,"minecraft:torch":5,"minecraft:cornflower":1,"minecraft:rose_bush":4,"minecraft:sand":148,"minecraft:iron_pickaxe":1,"minecraft:string":1,"minecraft:pink_petals":3,"minecraft:white_wool":9,"minecraft:dandelion":2,"minecraft:stone_brick_slab":1,"minecraft:stone_axe":1,"minecraft:kelp":9,"minecraft:iron_nugget":9,"minecraft:wheat":58,"minecraft:raw_iron":1,"minecraft:rotten_flesh":37,"minecraft:oak_planks":1,"minecraft:stone_slab":1,"minecraft:golden_shovel":1,"minecraft:pumpkin_seeds":32,"minecraft:suspicious_stew":1,"minecraft:filled_map":2,"minecraft:poppy":1,"minecraft:hay_block":15,"minecraft:yellow_bed":1,"minecraft:oak_sapling":5,"minecraft:chest":1,"minecraft:spider_eye":5,"minecraft:sandstone":16,"minecraft:beef":5,"minecraft:arrow":2,"minecraft:stone_pickaxe":1},"minecraft:broken":{"minecraft:wooden_shovel":1,"minecraft:flint_and_steel":1,"minecraft:wooden_pickaxe":1,"minecraft:stone_pickaxe":1,"minecraft:stone_axe":1,"minecraft:wooden_axe":2},"minecraft:picked_up":{"minecraft:wooden_axe":1,"minecraft:crafting_table":10,"minecraft:wheat":64,"minecraft:chicken":3,"minecraft:stone_slab":2,"minecraft:wooden_pickaxe":2,"minecraft:gold_block":4,"minecraft:potion":2,"minecraft:brewing_stand":1,"minecraft:cornflower":1,"minecraft:cooked_salmon":2,"minecraft:string":10,"minecraft:red_bed":14,"minecraft:raw_copper":3,"minecraft:beef":25,"minecraft:oak_boat":9,"minecraft:rose_bush":8,"minecraft:light_gray_wool":1,"minecraft:iron_pickaxe":1,"minecraft:poppy":4,"minecraft:iron_nugget":5,"minecraft:chest":1,"minecraft:furnace":6,"minecraft:sandstone":16,"minecraft:stick":17,"minecraft:raw_iron":48,"minecraft:torch":24,"minecraft:porkchop":8,"minecraft:cherry_log":2,"minecraft:diorite":19,"minecraft:prismarine_crystals":1,"minecraft:arrow":4,"minecraft:rotten_flesh":30,"minecraft:cooked_cod":4,"minecraft:hay_block":79,"minecraft:gold_ingot":10,"minecraft:mutton":36,"minecraft:snowball":417,"minecraft:white_wool":26,"minecraft:cobblestone":170,"minecraft:pink_petals":14,"minecraft:feather":4,"minecraft:cooked_beef":13,"minecraft:water_bucket":4,"minecraft:andesite":2,"minecraft:leather":25,"minecraft:smoker":3,"minecraft:filled_map":1,"minecraft:oak_log":54,"minecraft:yellow_bed":9,"minecraft:gunpowder":2,"minecraft:dirt":131,"minecraft:coast_armor_trim_smithing_template":2,"minecraft:bone":3,"minecraft:kelp":9,"minecraft:wheat_seeds":152,"minecraft:heart_of_the_sea":1,"minecraft:stone_pickaxe":1,"minecraft:iron_ingot":55,"minecraft:oak_planks":16,"minecraft:pumpkin":9,"minecraft:stone_brick_slab":2,"minecraft:dandelion":3,"minecraft:gravel":12,"minecraft:sand":148,"minecraft:white_bed":2,"minecraft:grass_block":1,"minecraft:spider_eye":7,"minecraft:diamond":2,"minecraft:stone_axe":1,"minecraft:granite":1,"minecraft:golden_apple":1,"minecraft:bread":180,"minecraft:emerald":14,"minecraft:oak_sapling":5,"minecraft:netherrack":2,"minecraft:coal":20,"minecraft:sunflower":6}},"DataVersion":3955}