{"stats":{"minecraft:crafted":{"minecraft:wooden_sword":1,"minecraft:oak_door":3,"minecraft:oak_planks":172,"minecraft:cooked_chicken":1,"minecraft:furnace":2,"minecraft:cooked_mutton":20,"minecraft:flint_and_steel":1,"minecraft:iron_boots":2,"minecraft:bow":1,"minecraft:iron_axe":1,"minecraft:stone_pickaxe":4,"minecraft:chest":4,"minecraft:cooked_beef":21,"minecraft:diamond_sword":1,"minecraft:cooked_porkchop":19,"minecraft:crafting_table":6,"minecraft:wooden_pickaxe":2,"minecraft:iron_helmet":4,"minecraft:iron_sword":6,"minecraft:bucket":1,"minecraft:stone_axe":1,"minecraft:air":0,"minecraft:iron_chestplate":3,"minecraft:diamond_pickaxe":1,"minecraft:shield":3,"minecraft:stick":64,"minecraft:iron_ingot":92,"minecraft:iron_pickaxe":2,"minecraft:wooden_axe":1,"minecraft:stone_sword":3,"minecraft:iron_leggings":3,"minecraft:gold_ingot":7,"minecraft:white_bed":1},"minecraft:custom":{"minecraft:mob_kills":193,"minecraft:interact_with_anvil":3,"minecraft:interact_with_crafting_table":53,"minecraft:leave_game":11,"minecraft:time_since_death":43129,"minecraft:climb_one_cm":538,"minecraft:sprint_one_cm":1057271,"minecraft:walk_one_cm":488126,"minecraft:damage_blocked_by_shield":6331,"minecraft:drop":51,"minecraft:play_time":296801,"minecraft:deaths":12,"minecraft:sneak_time":14034,"minecraft:walk_under_water_one_cm":27149,"minecraft:jump":6636,"minecraft:walk_on_water_one_cm":42634,"minecraft:total_world_time":296801,"minecraft:interact_with_furnace":97,"minecraft:sleep_in_bed":25,"minecraft:time_since_rest":4221,"minecraft:damage_taken":9289,"minecraft:damage_dealt":32375,"minecraft:fly_one_cm":951799,"minecraft:swim_one_cm":66175,"minecraft:player_kills":1,"minecraft:open_chest":73,"minecraft:crouch_one_cm":26258,"minecraft:fall_one_cm":162349},"minecraft:used":{"minecraft:stone_sword":187,"minecraft:chest":5,"minecraft:shield":209,"minecraft:iron_sword":753,"minecraft:cooked_chicken":1,"minecraft:dirt":10,"minecraft:granite":5,"minecraft:wooden_axe":7,"minecraft:lava_bucket":1,"minecraft:iron_axe":130,"minecraft:bow":6,"minecraft:ominous_bottle":1,"minecraft:oak_sapling":2,"minecraft:furnace":5,"minecraft:egg":2,"minecraft:cooked_beef":20,"minecraft:cooked_mutton":21,"minecraft:water_bucket":4,"minecraft:cobblestone_stairs":2,"minecraft:stone_pickaxe":233,"minecraft:oak_planks":7,"minecraft:wooden_pickaxe":56,"minecraft:crafting_table":17,"minecraft:crossbow":12,"minecraft:white_bed":15,"minecraft:apple":1,"minecraft:mace":1,"minecraft:bread":2,"minecraft:iron_pickaxe":270,"minecraft:gravel":5,"minecraft:stone_axe":92,"minecraft:wooden_sword":10,"minecraft:cobblestone":66,"minecraft:cooked_porkchop":47,"minecraft:bucket":6,"minecraft:andesite":3,"minecraft:experience_bottle":1},"minecraft:broken":{"minecraft:stone_sword":1,"minecraft:iron_boots":2,"minecraft:iron_chestplate":1,"minecraft:iron_leggings":1,"minecraft:stone_pickaxe":1,"minecraft:shield":1,"minecraft:iron_sword":1,"minecraft:iron_pickaxe":1,"minecraft:iron_helmet":2},"minecraft:picked_up":{"minecraft:crafting_table":12,"minecraft:ominous_bottle":3,"minecraft:chicken":4,"minecraft:anvil":1,"minecraft:diamond_sword":1,"minecraft:wooden_pickaxe":2,"minecraft:shield":1,"minecraft:string":6,"minecraft:raw_copper":2,"minecraft:cobbled_deepslate":27,"minecraft:music_disc_otherside":1,"minecraft:beef":21,"minecraft:player_head":6,"minecraft:iron_pickaxe":2,"minecraft:light_gray_wool":1,"minecraft:sugar_cane":79,"minecraft:chest":3,"minecraft:birch_sapling":2,"minecraft:egg":4,"minecraft:furnace":8,"minecraft:stick":80,"minecraft:raw_iron":113,"minecraft:oak_door":9,"minecraft:torch":8,"minecraft:porkchop":44,"minecraft:mace":2,"minecraft:pointed_dripstone":2,"minecraft:diorite":1,"minecraft:carrot":10,"minecraft:goat_horn":3,"minecraft:stone_sword":3,"minecraft:arrow":22,"minecraft:rotten_flesh":40,"minecraft:gold_ingot":8,"minecraft:mutton":31,"minecraft:white_wool":20,"minecraft:rail":18,"minecraft:cobblestone":344,"minecraft:birch_log":64,"minecraft:feather":6,"minecraft:cooked_beef":16,"minecraft:glow_ink_sac":14,"minecraft:tripwire_hook":2,"minecraft:andesite":40,"minecraft:leather":34,"minecraft:potato":4,"minecraft:flint":1,"minecraft:oak_log":115,"minecraft:cobblestone_stairs":5,"minecraft:lapis_lazuli":40,"minecraft:dirt":35,"minecraft:white_banner":4,"minecraft:cooked_mutton":2,"minecraft:bone":20,"minecraft:apple":2,"minecraft:bow":1,"minecraft:wheat_seeds":16,"minecraft:raw_gold":1,"minecraft:iron_ingot":16,"minecraft:stone_pickaxe":4,"minecraft:oak_planks":78,"minecraft:sculk_catalyst":3,"minecraft:cooked_porkchop":28,"minecraft:dandelion":3,"minecraft:dripstone_block":1,"minecraft:gravel":6,"minecraft:white_bed":18,"minecraft:spider_eye":3,"minecraft:dark_oak_log":16,"minecraft:diamond":5,"minecraft:stone_axe":2,"minecraft:crossbow":4,"minecraft:granite":20,"minecraft:bread":2,"minecraft:oak_sapling":7,"minecraft:black_wool":1,"minecraft:coal":302,"minecraft:nether_star":1,"minecraft:sunflower":1},"minecraft:killed_by":{"minecraft:player":3,"minecraft:pillager":3,"minecraft:zombie":2},"minecraft:killed":{"minecraft:spider":4,"minecraft:skeleton":14,"minecraft:chicken":5,"minecraft:pig":22,"minecraft:zombie_villager":1,"minecraft:sheep":23,"minecraft:pillager":69,"minecraft:zombie":34,"minecraft:cow":11},"minecraft:dropped":{"minecraft:iron_sword":1,"minecraft:ominous_bottle":2,"minecraft:cooked_beef":7,"minecraft:oak_log":5,"minecraft:crossbow":1,"minecraft:feather":2,"minecraft:granite":13,"minecraft:cobblestone_stairs":1,"minecraft:lava_bucket":1,"minecraft:dirt":18,"minecraft:dark_oak_log":8,"minecraft:mace":2,"minecraft:diorite":1,"minecraft:torch":8,"minecraft:white_banner":1,"minecraft:tripwire_hook":1,"minecraft:dandelion":2,"minecraft:gravel":1,"minecraft:goat_horn":1,"minecraft:player_head":5,"minecraft:stone_sword":2,"minecraft:cobbled_deepslate":27,"minecraft:birch_sapling":2,"minecraft:rotten_flesh":4,"minecraft:oak_planks":1,"minecraft:carrot":5,"minecraft:diamond_sword":1,"minecraft:potato":2,"minecraft:andesite":36,"minecraft:chest":2,"minecraft:oak_sapling":2,"minecraft:bow":1,"minecraft:egg":2},"minecraft:mined":{"minecraft:white_bed":17,"minecraft:deepslate_diamond_ore":5,"minecraft:oak_door":1,"minecraft:cherry_log":11,"minecraft:cobblestone_stairs":2,"minecraft:dark_oak_log":8,"minecraft:granite":7,"minecraft:dark_oak_fence":4,"minecraft:allium":1,"minecraft:grass_block":12,"minecraft:furnace":5,"minecraft:iron_ore":104,"minecraft:andesite":19,"minecraft:anvil":2,"minecraft:deepslate_lapis_ore":4,"minecraft:deepslate_iron_ore":10,"minecraft:stone":193,"minecraft:cherry_stairs":3,"minecraft:dandelion":1,"minecraft:crafting_table":12,"minecraft:torch":1,"minecraft:short_grass":65,"minecraft:chest":2,"minecraft:cobblestone":9,"minecraft:tall_grass":2,"minecraft:deepslate_gold_ore":6,"minecraft:sugar_cane":21,"minecraft:oak_planks":6,"minecraft:diorite":1,"minecraft:birch_planks":1,"minecraft:birch_log":65,"minecraft:birch_leaves":3,"minecraft:white_wall_banner":1,"minecraft:oak_log":115,"minecraft:coal_ore":156,"minecraft:sunflower":1,"minecraft:gravel":6,"minecraft:dripstone_block":1,"minecraft:dirt":9,"minecraft:cobweb":4,"minecraft:oak_leaves":24,"minecraft:deepslate":28}},"DataVersion":3955}