{"stats":{"minecraft:custom":{"minecraft:mob_kills":48,"minecraft:interact_with_anvil":4,"minecraft:interact_with_crafting_table":26,"minecraft:bell_ring":11,"minecraft:leave_game":16,"minecraft:time_since_death":30191,"minecraft:sprint_one_cm":329991,"minecraft:walk_one_cm":144554,"minecraft:damage_blocked_by_shield":3551,"minecraft:drop":90,"minecraft:talked_to_villager":4,"minecraft:play_time":228892,"minecraft:deaths":8,"minecraft:sneak_time":18512,"minecraft:walk_under_water_one_cm":24157,"minecraft:boat_one_cm":63445,"minecraft:jump":3052,"minecraft:enchant_item":2,"minecraft:walk_on_water_one_cm":35036,"minecraft:total_world_time":228892,"minecraft:interact_with_furnace":50,"minecraft:sleep_in_bed":21,"minecraft:time_since_rest":3508,"minecraft:damage_taken":4847,"minecraft:damage_dealt":8787,"minecraft:player_kills":4,"minecraft:swim_one_cm":23762,"minecraft:fly_one_cm":888286,"minecraft:open_chest":16,"minecraft:crouch_one_cm":28262,"minecraft:fall_one_cm":117567},"minecraft:mined":{"minecraft:white_bed":12,"minecraft:oak_door":5,"minecraft:granite":1,"minecraft:grass_block":8,"minecraft:hay_block":9,"minecraft:iron_ore":28,"minecraft:fire":17,"minecraft:andesite":7,"minecraft:deepslate_iron_ore":4,"minecraft:rail":2,"minecraft:stone":120,"minecraft:crafting_table":6,"minecraft:torch":2,"minecraft:short_grass":33,"minecraft:poppy":1,"minecraft:cobblestone":2,"minecraft:tall_grass":2,"minecraft:deepslate_gold_ore":8,"minecraft:lapis_ore":2,"minecraft:oak_planks":14,"minecraft:diorite":5,"minecraft:wall_torch":1,"minecraft:birch_leaves":1,"minecraft:yellow_bed":3,"minecraft:bee_nest":1,"minecraft:coal_ore":32,"minecraft:oak_log":38,"minecraft:dirt":31,"minecraft:oak_leaves":17,"minecraft:deepslate":2},"minecraft:picked_up":{"minecraft:wooden_axe":1,"minecraft:crafting_table":7,"minecraft:iron_chestplate":1,"minecraft:wheat":1,"minecraft:azure_bluet":1,"minecraft:chicken":6,"minecraft:wooden_pickaxe":1,"minecraft:shield":2,"minecraft:cornflower":1,"minecraft:string":16,"minecraft:raw_copper":2,"minecraft:cobbled_deepslate":5,"minecraft:detector_rail":4,"minecraft:music_disc_otherside":1,"minecraft:beef":12,"minecraft:player_head":3,"minecraft:poppy":7,"minecraft:iron_pickaxe":1,"minecraft:light_gray_wool":1,"minecraft:furnace":2,"minecraft:iron_boots":1,"minecraft:egg":1,"minecraft:stick":56,"minecraft:raw_iron":42,"minecraft:oak_door":4,"minecraft:torch":19,"minecraft:porkchop":32,"minecraft:mace":2,"minecraft:pointed_dripstone":2,"minecraft:diorite":5,"minecraft:carrot":1,"minecraft:arrow":14,"minecraft:stone_sword":1,"minecraft:rotten_flesh":12,"minecraft:hay_block":10,"minecraft:gold_ingot":8,"minecraft:mutton":13,"minecraft:cobblestone":214,"minecraft:rail":17,"minecraft:white_wool":9,"minecraft:oxeye_daisy":2,"minecraft:feather":6,"minecraft:cooked_beef":3,"minecraft:glow_ink_sac":14,"minecraft:water_bucket":2,"minecraft:andesite":7,"minecraft:leather":10,"minecraft:oak_log":40,"minecraft:yellow_bed":3,"minecraft:gunpowder":1,"minecraft:lapis_lazuli":28,"minecraft:dirt":104,"minecraft:name_tag":2,"minecraft:cooked_mutton":1,"minecraft:bone":32,"minecraft:apple":2,"minecraft:wheat_seeds":14,"minecraft:raw_gold":8,"minecraft:iron_ingot":8,"minecraft:stone_pickaxe":2,"minecraft:oak_planks":132,"minecraft:iron_sword":2,"minecraft:cooked_porkchop":3,"minecraft:dandelion":4,"minecraft:dripstone_block":14,"minecraft:gravel":2,"minecraft:lava_bucket":1,"minecraft:white_bed":13,"minecraft:grass_block":1,"minecraft:spider_eye":4,"minecraft:diamond":2,"minecraft:stone_axe":2,"minecraft:iron_helmet":1,"minecraft:granite":5,"minecraft:oak_button":2,"minecraft:oak_sapling":11,"minecraft:coal":76,"minecraft:nether_star":1,"minecraft:ender_pearl":1},"minecraft:crafted":{"minecraft:oak_door":3,"minecraft:oak_planks":188,"minecraft:furnace":3,"minecraft:cooked_mutton":15,"minecraft:iron_boots":2,"minecraft:oak_button":1,"minecraft:wheat":9,"minecraft:cooked_beef":6,"minecraft:cooked_porkchop":36,"minecraft:crafting_table":4,"minecraft:wooden_pickaxe":1,"minecraft:iron_helmet":2,"minecraft:iron_sword":1,"minecraft:bread":3,"minecraft:air":0,"minecraft:oak_boat":1,"minecraft:iron_chestplate":1,"minecraft:shield":1,"minecraft:stick":36,"minecraft:iron_ingot":23,"minecraft:iron_pickaxe":1,"minecraft:wooden_axe":2,"minecraft:iron_leggings":1,"minecraft:gold_ingot":8,"minecraft:white_bed":2,"minecraft:torch":56},"minecraft:killed":{"minecraft:spider":5,"minecraft:skeleton":8,"minecraft:chicken":3,"minecraft:pig":9,"minecraft:zombie_villager":1,"minecraft:iron_golem":1,"minecraft:creeper":1,"minecraft:sheep":7,"minecraft:zombie":7,"minecraft:enderman":2,"minecraft:cow":3},"minecraft:dropped":{"minecraft:water_bucket":1,"minecraft:bread":3,"minecraft:iron_ingot":5,"minecraft:iron_sword":1,"minecraft:lapis_lazuli":16,"minecraft:cooked_beef":6,"minecraft:glow_ink_sac":14,"minecraft:diamond":1,"minecraft:dripstone_block":7,"minecraft:cooked_porkchop":33,"minecraft:iron_helmet":2,"minecraft:cobblestone":77,"minecraft:leather":5,"minecraft:granite":2,"minecraft:rail":14,"minecraft:coal":25,"minecraft:stick":52,"minecraft:lava_bucket":1,"minecraft:mace":2,"minecraft:torch":1,"minecraft:iron_leggings":1,"minecraft:string":11,"minecraft:bucket":1,"minecraft:gold_ingot":8,"minecraft:bone":15,"minecraft:oak_door":1,"minecraft:gravel":1,"minecraft:furnace":1,"minecraft:stone_axe":1,"minecraft:detector_rail":4,"minecraft:stone_sword":1,"minecraft:cobbled_deepslate":2,"minecraft:raw_copper":2,"minecraft:music_disc_otherside":1,"minecraft:wheat":1,"minecraft:raw_iron":10,"minecraft:oak_planks":18,"minecraft:iron_boots":2,"minecraft:cooked_mutton":5,"minecraft:shield":2,"minecraft:oak_button":2,"minecraft:iron_chestplate":1,"minecraft:spider_eye":2,"minecraft:stone_pickaxe":2,"minecraft:wooden_pickaxe":1},"minecraft:killed_by":{"minecraft:player":1,"minecraft:creeper":1},"minecraft:broken":{"minecraft:wooden_pickaxe":1,"minecraft:shield":1,"minecraft:wooden_axe":2},"minecraft:used":{"minecraft:enchanting_table":2,"minecraft:flint_and_steel":18,"minecraft:shield":12,"minecraft:iron_sword":52,"minecraft:iron_chestplate":2,"minecraft:oak_door":5,"minecraft:torch":85,"minecraft:dirt":85,"minecraft:anvil":3,"minecraft:carrot":1,"minecraft:granite":1,"minecraft:milk_bucket":1,"minecraft:wooden_axe":83,"minecraft:lava_bucket":17,"minecraft:iron_helmet":2,"minecraft:iron_boots":2,"minecraft:hay_block":6,"minecraft:oak_sapling":10,"minecraft:furnace":7,"minecraft:egg":1,"minecraft:cobbled_deepslate":1,"minecraft:iron_leggings":1,"minecraft:cooked_mutton":10,"minecraft:water_bucket":26,"minecraft:diorite":5,"minecraft:oak_planks":166,"minecraft:wooden_pickaxe":59,"minecraft:crafting_table":10,"minecraft:white_bed":14,"minecraft:apple":2,"minecraft:mace":9,"minecraft:command_block":2,"minecraft:iron_pickaxe":168,"minecraft:stone_axe":39,"minecraft:cobblestone":68,"minecraft:cooked_porkchop":22,"minecraft:bucket":44,"minecraft:andesite":7,"minecraft:yellow_bed":2,"minecraft:oak_boat":1}},"DataVersion":3955}